board,drift_deg,roll_case,element_index,rho_v_kg_m2_s,rho_kgm3,scan_speed_ms,incidence_deg_derived,incidence_deg_residual,n_sub_elements
default_shortboard,0,0,0,20459.999879529,1023,19.9999998822375,18.1732725212101,-1.26941546707113,10
default_shortboard,0,0,1,20460.0022760703,1023,20.0000022248977,15.7354439111836,-0.331414380442338,10
default_shortboard,0,0,2,20459.9977506008,1023,19.9999978011738,10.8753598062961,0.819193157431373,10
default_shortboard,0,0,3,20460.0020123862,1023,20.000001967142,6.66265358510928,0.565664430293609,10
default_shortboard,0,0,4,20459.9999294745,1023,19.9999999310601,4.81084888459853,-0.188720054610451,10
default_shortboard,0,0,5,20460.0047325566,1023,20.000004626155,3.70113079507505,-0.795306754516016,10
default_shortboard,0,0,6,20460.001885017,1023,20.0000018426364,3.00113588792938,-1.09162705915314,10
default_shortboard,0,0,7,20459.9968283233,1023,19.9999968996317,2.51409345600807,-1.14123124148644,10
default_shortboard,0,0,8,20460.001359834,1023,20.000001329261,2.1992876531112,-0.921130418635624,10
default_shortboard,0,0,9,20460.001051964,1023,20.0000010283128,1.92606087842476,-0.407604492516407,10
default_shortboard,0,0,10,20460.0011042458,1023,20.0000010794192,1.65245545143359,0.533718826715874,10
default_shortboard,0,0,11,20460.0006588905,1023,20.0000006440768,1.53236776243857,0.882476624361788,10
default_shortboard,0,1,0,20459.9993762533,1023,19.999999390277,27.6992779250711,-8.31670565647186,10
default_shortboard,0,1,1,20459.9998791958,1023,19.9999998819118,18.0743059079031,-0.417111023249262,10
default_shortboard,0,1,2,20459.9984532096,1023,19.9999984879859,13.064353007044,0.430932062830129,10
default_shortboard,0,1,3,20459.9990088956,1023,19.9999990311785,6.88934844265485,0.50730603466535,10
default_shortboard,0,1,4,20460.0019651548,1023,20.0000019209724,4.65091451084509,-0.416702428699588,10
default_shortboard,0,1,5,20459.9996148017,1023,19.999999623462,3.65909772614244,-0.829989378654925,10
default_shortboard,0,1,6,20459.9997085399,1023,19.9999997150928,3.10761274309616,-0.956362591071325,10
default_shortboard,0,1,7,20460.0008101779,1023,20.0000007919628,2.76293267052098,-0.815102207256116,10
default_shortboard,0,1,8,20459.999764321,1023,19.9999997696198,2.4727963925775,-0.573071050507216,10
default_shortboard,0,1,9,20460.0015476915,1023,20.0000015128949,2.07841345030887,-0.0144849185265827,10
default_shortboard,0,2,0,20460.0001975568,1023,20.0000001931151,26.6524878418387,-3.58642664790741,10
default_shortboard,0,2,1,20459.9978721326,1023,19.9999979199732,9.03357292364359,0.0391032810044312,10
default_shortboard,0,2,2,20459.9996551532,1023,19.9999996629064,5.96021063698084,-0.682661696545766,10
default_shortboard,0,2,3,20459.9981004774,1023,19.9999981431841,4.74522545307938,-0.725161052047574,10
default_shortboard,0,2,4,20460.0012176933,1023,20.0000011903161,3.60699905631024,-0.618393285303531,10
default_shortboard,0,2,5,20460.0024044207,1023,20.0000023503624,3.31421804799187,-0.475852724179154,10
default_shortboard,0,2,6,20459.999370221,1023,19.9999993843803,3.15070990586207,-0.0685348126895695,10
default_shortboard,0,2,7,20460.0001324785,1023,20.0000001295,3.12862407854382,0.0484174459296809,10
default_shortboard,0,3,0,20459.9983734913,1023,19.9999984100599,39.0113976350046,-5.98860236499535,10
default_shortboard,0,3,1,20459.9981631696,1023,19.9999982044669,12.2717251976712,-0.649976233603226,10
default_shortboard,0,3,2,20459.9985601333,1023,19.9999985925057,7.24373561103199,-1.02421158592845,10
default_shortboard,0,3,3,20460.0000406829,1023,20.0000000397682,5.98277958510044,-0.96325150849697,10
default_shortboard,0,3,4,20459.9995264807,1023,19.9999995371267,5.20788587806991,-0.639852387921302,10
default_shortboard,0,3,5,20459.9998325647,1023,19.9999998363291,4.78406379121307,-0.253027940812077,10
default_shortboard,0,3,6,20459.9986128154,1023,19.9999986440033,4.75336122107595,-0.158559326409404,10
default_shortboard,0,3,7,20460.0005110606,1023,20.0000004995705,4.71007367569849,-0.262509141379147,10
default_shortboard,0,4,0,20459.9997600791,1023,19.9999997654732,42.7592979277479,-2.24070207225211,10
default_shortboard,0,4,1,20459.9990912903,1023,19.9999991117208,44.0662055303186,-0.933794469681445,10
default_shortboard,0,4,2,20460.0013956873,1023,20.0000013643082,24.711719005894,-0.991777927089359,10
default_shortboard,0,4,3,20460.0019107485,1023,20.0000018677893,14.6007720339325,-1.1434973371002,10
default_shortboard,0,4,4,20459.9977916632,1023,19.999997841313,12.0903745432728,-1.19726888934438,10
default_shortboard,0,4,5,20459.9986228532,1023,19.9999986538154,11.9786017087596,-0.94073747123312,10
default_shortboard,0,4,6,20459.9973778142,1023,19.9999974367686,13.6110868262787,-0.712617893264792,10
default_shortboard,10,0,0,20460.0007022303,1023,20.0000006864421,,,10
default_shortboard,10,0,1,20460.0005731733,1023,20.0000005602867,14.0783057309185,0.0356993771587586,10
default_shortboard,10,0,2,20459.9996600145,1023,19.9999996676583,10.6955638180309,0.480227972083609,10
default_shortboard,10,0,3,20459.9980631399,1023,19.9999981066861,6.39663859527931,0.556983195956799,10
default_shortboard,10,0,4,20460.0004351985,1023,20.000000425414,4.57045608625253,-0.301576079274817,10
default_shortboard,10,0,5,20459.9982067224,1023,19.9999982470404,3.62534055026043,-0.814777285738101,10
default_shortboard,10,0,6,20459.9970665881,1023,19.9999971325397,2.96867193989094,-1.07417092509929,10
default_shortboard,10,0,7,20460.0011265516,1023,20.0000011012235,2.58643233741674,-1.05896294151392,10
default_shortboard,10,0,8,20460.0009920802,1023,20.0000009697753,2.46617649024987,-0.981752415237189,10
default_shortboard,10,1,0,20460.0010914276,1023,20.0000010668891,25.584044031886,-8.02277893564325,10
default_shortboard,10,1,1,20459.9992877026,1023,19.9999993037171,18.0316592468006,-0.263018487574413,10
default_shortboard,10,1,2,20459.9974041082,1023,19.9999974624714,13.3851791144657,0.531720709924691,10
default_shortboard,10,1,3,20459.9990134753,1023,19.9999990356553,6.78617209560729,0.311497393916615,10
default_shortboard,10,1,4,20460.0020510672,1023,20.0000020049532,4.5773175725317,-0.550411366524695,10
default_shortboard,10,1,5,20460.0012242278,1023,20.0000011967036,3.52265121386676,-0.759860020416683,10
default_shortboard,10,1,6,20460.0000741925,1023,20.0000000725244,3.06659292942602,-0.790235521730598,10
default_shortboard,10,1,7,20460.0013209743,1023,20.000001291275,2.80563119792754,-0.704583607675489,10
default_shortboard,10,1,8,20460.000845764,1023,20.0000008267487,2.59326975795978,-0.446559019353455,10
default_shortboard,10,2,0,20460.0006468274,1023,20.0000006322849,27.8246032046507,-0.282406683044595,10
default_shortboard,10,2,1,20459.9988338615,1023,19.9999988600797,8.7054869535983,-0.124652206557947,10
default_shortboard,10,2,2,20460.0001525234,1023,20.0000001490942,6.09493189237899,-0.746543117539221,10
default_shortboard,10,2,3,20459.9983268645,1023,19.9999983644815,4.98318175841918,-0.871641354068614,10
default_shortboard,10,2,4,20460.0013466563,1023,20.0000013163796,3.73058744869149,-0.536162887001865,10
default_shortboard,10,2,5,20460.0035781977,1023,20.0000034977494,3.38761559251465,-0.443896381820065,10
default_shortboard,10,2,6,20459.9964549385,1023,19.9999965346417,3.4657753680417,-0.370923640899953,10
default_shortboard,10,2,7,20460.0014559512,1023,20.0000014232172,4.44474210809803,-0.526096915492062,10
default_shortboard,10,2,8,20459.9994985899,1023,19.9999995098631,4.13620243747346,-0.0382665566671641,10
default_shortboard,10,3,0,20459.9974366708,1023,19.9999974943018,42.385357368552,-2.61464263144805,10
default_shortboard,10,3,1,20460.0010017542,1023,20.0000009792319,11.3418240537137,-0.415637494137831,10
default_shortboard,10,3,2,20459.9988294591,1023,19.9999988557763,6.59824722865909,-1.07814532657772,10
default_shortboard,10,3,3,20459.9989019087,1023,19.999998926597,5.54515715322336,-0.939432900334994,10
default_shortboard,10,3,4,20459.9981881006,1023,19.9999982288373,4.9898198407687,-0.833533449789165,10
default_shortboard,10,3,5,20459.9997988424,1023,19.999999803365,4.9075070149339,-0.622616218861268,10
default_shortboard,10,3,6,20460.0004039004,1023,20.0000003948196,9.19266968995296,-1.0214797851447,10
default_shortboard,10,3,7,20460.0011988276,1023,20.0000011718745,3.35273564629505,-0.0095709485535797,10
default_shortboard,10,3,8,20459.9994259877,1023,19.9999994388932,3.41310057177171,0.153530211587995,10
default_shortboard,10,3,9,20460.0003049495,1023,20.0000002980934,7.30486413060438,-0.28543976725329,10
default_shortboard,10,3,10,20460.0008513403,1023,20.0000008321997,7.06591120710118,-0.0767584706331901,10
default_shortboard,10,4,0,20460.0005004592,1023,20.0000004892074,35.0935986986033,0.089013432490006,10
default_shortboard,10,4,1,20460.0010078066,1023,20.0000009851481,12.7301662141838,-1.19135115794755,10
default_shortboard,10,4,2,20460.0011154271,1023,20.000001090349,16.6191609203631,-0.720986098069488,10
default_shortboard,10,4,3,20459.9986604504,1023,19.9999986905673,10.4639594546107,-1.51002144901481,10
default_shortboard,10,4,4,20459.9982584119,1023,19.9999982975679,8.58236375301206,-1.42869791538394,10
default_shortboard,10,4,5,20459.9993882023,1023,19.9999994019573,7.71843122890216,-0.949957137797063,10
default_shortboard,10,4,6,20459.9999123983,1023,19.9999999143678,17.2441747241431,-0.509636158425238,10
default_shortboard,10,4,7,20459.998606248,1023,19.9999986375836,9.87216890599379,-0.580456368664413,10
default_shortboard,10,4,8,20459.9978084945,1023,19.9999978577659,5.88423991008939,0.0572550277346489,10
default_shortboard,15,0,0,20459.9997118299,1023,19.9999997183088,18.3202604259011,-1.01186237683329,10
default_shortboard,15,0,1,20460.0034186036,1023,20.0000033417435,14.0513331162638,-0.0660365355305998,10
default_shortboard,15,0,2,20459.9999064225,1023,19.9999999085264,10.5694202455168,0.113449481356659,10
default_shortboard,15,0,3,20459.9993431125,1023,19.9999993578813,6.30133299468983,0.298569246520882,10
default_shortboard,15,0,4,20459.9973310718,1023,19.999997391077,4.52827671390473,-0.296452251854546,10
default_shortboard,15,0,5,20460.003125801,1023,20.0000030555239,3.46150059957096,-0.790708586982996,10
default_shortboard,15,0,6,20460.001663862,1023,20.0000016264535,2.87086154739072,-1.00774834831546,10
default_shortboard,15,0,7,20459.9986951123,1023,19.99999872445,2.58242172037958,-0.932715236789002,10
default_shortboard,15,0,8,20459.9985015841,1023,19.9999985352728,2.41887942807414,-0.893087467982986,10
default_shortboard,15,0,9,20460.0006706227,1023,20.0000006555451,2.32618465732493,-0.858540865670061,10
default_shortboard,15,1,0,20459.9993064983,1023,19.9999993220902,28.678303352498,-6.32927263627151,10
default_shortboard,15,1,1,20459.9965955669,1023,19.9999966721084,14.74809503772,-0.693373201110568,10
default_shortboard,15,1,2,20459.998535583,1023,19.9999985685073,13.123137301914,-0.357726269252955,10
default_shortboard,15,1,3,20459.9976779507,1023,19.9999977301571,6.84306518793732,0.0715798592629993,10
default_shortboard,15,1,4,20460.0004002652,1023,20.0000003912661,4.60374014311136,-0.416157794663298,10
default_shortboard,15,1,5,20459.9978803138,1023,19.9999979279705,3.37202024821274,-0.666361328325343,10
default_shortboard,15,1,6,20459.9988136375,1023,19.9999988403104,3.03647701148391,-0.632157164770367,10
default_shortboard,15,1,7,20460.0014976817,1023,20.0000014640095,2.78719726737602,-0.554851377643509,10
default_shortboard,15,1,8,20460.0008422887,1023,20.0000008233516,2.75323423444258,-0.521400126824507,10
default_shortboard,15,2,0,20459.9985916969,1023,19.9999986233597,22.7830391433882,-2.33254236906295,10
default_shortboard,15,2,1,20459.999549797,1023,19.9999995599188,8.80114576079132,-0.35232332490204,10
default_shortboard,15,2,2,20460.0006976927,1023,20.0000006820066,6.03485992590159,-0.922777384126486,10
default_shortboard,15,2,3,20460.0000109222,1023,20.0000000106766,4.39318227555164,-0.951498033744011,10
default_shortboard,15,2,4,20459.9995453365,1023,19.9999995555587,3.4734444459117,-0.522830979045573,10
default_shortboard,15,2,5,20459.9991342723,1023,19.9999991537364,3.36464970962958,-0.397229734492739,10
default_shortboard,15,2,6,20459.9997638257,1023,19.9999997691355,3.56582515286321,-0.335532736312203,10
default_shortboard,15,2,7,20459.9996389232,1023,19.9999996470413,2.92447492220061,-0.0618779983316191,10
default_shortboard,15,2,8,20459.9996973893,1023,19.9999997041929,3.00410100562118,0.0743834648802144,10
default_shortboard,15,3,0,20460.001212067,1023,20.0000011848163,43.5082532064456,-0.735357175634448,10
default_shortboard,15,3,1,20459.9988584224,1023,19.9999988840883,12.7170625533255,-0.43259755714813,10
default_shortboard,15,3,2,20459.9995739495,1023,19.9999995835284,6.95744109084662,-1.0014369494671,10
default_shortboard,15,3,3,20460.0013039691,1023,20.0000012746521,5.52989394586617,-1.20149891454643,10
default_shortboard,15,3,4,20459.9985128904,1023,19.999998546325,5.04011279460485,-0.905234037670542,10
default_shortboard,15,3,5,20459.9988678943,1023,19.9999988933473,5.81354914737874,-0.765234364736737,10
default_shortboard,15,3,6,20459.9974339058,1023,19.9999974915991,9.35998471493581,-1.01843611483713,10
default_shortboard,15,3,7,20460.0007427012,1023,20.0000007260032,2.49093876023814,0.089117146926371,10
default_shortboard,15,3,8,20459.9978568683,1023,19.9999979050521,2.56191916084388,0.250818677903209,10
default_shortboard,15,4,0,20459.9983763865,1023,19.99999841289,,,10
default_shortboard,15,4,1,20460.0016217955,1023,20.0000015853328,,,10
default_shortboard,15,4,2,20459.9997443429,1023,19.9999997500908,16.2384652814352,-0.611632374814779,10
default_shortboard,15,4,3,20459.9991601579,1023,19.99999917904,10.2848204666419,-1.22735795437858,10
default_shortboard,15,4,4,20460.0011805315,1023,20.0000011539897,9.19219814260908,-1.3028713611751,10
default_shortboard,15,4,5,20460.0010695126,1023,20.0000010454669,12.5876327005743,-1.28267236076605,10
default_shortboard,15,4,6,20459.9978802283,1023,19.9999979278869,14.5172563656554,-0.375646962286529,10
default_shortboard,15,4,7,20460.0016218496,1023,20.0000015853857,11.9971660160688,-0.087793014082612,10
default_shortboard,15,4,8,20459.9982379054,1023,19.9999982775224,7.90922711141872,-0.0848100399179526,10
default_shortboard,15,4,9,20460.0008848906,1023,20.0000008649957,6.40676624310553,0.0145729256921969,10
default_shortboard,2,0,0,20460.0027699006,1023,20.0000027076252,,,10
default_shortboard,2,0,1,20460.0007881104,1023,20.0000007703914,11.6412932139682,0.416738198404238,10
default_shortboard,2,0,2,20460.0002576633,1023,20.0000002518703,9.91868874810931,0.854716274964781,10
default_shortboard,2,0,3,20460.0030845206,1023,20.0000030151717,6.42623524216369,0.6180806591864,10
default_shortboard,2,0,4,20460.0051345312,1023,20.000005019092,4.69950639781571,-0.238832358745571,10
default_shortboard,2,0,5,20459.9996520568,1023,19.9999996598795,3.71212317411501,-0.774565439776589,10
default_shortboard,2,0,6,20459.9996898863,1023,19.9999996968585,3.00818338484225,-1.15719375520291,10
default_shortboard,2,0,7,20460.0002485393,1023,20.0000002429514,2.53873483276949,-1.16409214400663,10
default_shortboard,2,0,8,20459.9992263936,1023,19.9999992437865,2.20162053487742,-0.929973884601954,10
default_shortboard,2,0,9,20459.9993847536,1023,19.9999993985861,1.92425623334357,-0.367520900598077,10
default_shortboard,2,0,10,20459.9982230791,1023,19.9999982630295,1.63884088702612,0.585609647707268,10
default_shortboard,2,0,11,20460.0004036827,1023,20.0000003946067,1.53905043990085,0.927268783158751,10
default_shortboard,2,1,0,20460.0002362357,1023,20.0000002309245,29.7300829357316,-7.65699058111406,10
default_shortboard,2,1,1,20459.9986240835,1023,19.9999986550181,18.2074598326694,-0.0235029206264805,10
default_shortboard,2,1,2,20459.9991845976,1023,19.9999992029302,13.118312543322,0.539336865831796,10
default_shortboard,2,1,3,20460.0039879811,1023,20.0000038983197,6.81737732789005,0.422853230447423,10
default_shortboard,2,1,4,20460.0000979171,1023,20.0000000957156,4.61394513337191,-0.399046771840497,10
default_shortboard,2,1,5,20460.0000495962,1023,20.0000000484812,3.72513034864742,-0.811822146927528,10
default_shortboard,2,1,6,20459.9988172683,1023,19.9999988438595,3.09175068651951,-0.956453735477561,10
default_shortboard,2,1,7,20460.0021553358,1023,20.0000021068776,2.77753169303449,-0.778225114292778,10
default_shortboard,2,1,8,20459.9973948337,1023,19.9999974534054,2.51689950860033,-0.533985453481582,10
default_shortboard,2,1,9,20460.0000547877,1023,20.0000000535559,2.19448750829502,-0.123611275198025,10
default_shortboard,2,1,10,20459.9994398225,1023,19.9999994524169,2.14578294266399,-0.182307486642044,10
default_shortboard,2,2,0,20460.0030449439,1023,20.0000029764847,26.4316318540283,-2.69037551596683,10
default_shortboard,2,2,1,20460.0019494896,1023,20.0000019056594,9.11049751807534,0.0713901953824703,10
default_shortboard,2,2,2,20459.9979447861,1023,19.9999979909933,5.93703780234977,-0.559242390979084,10
default_shortboard,2,2,3,20460.0005300755,1023,20.0000005181579,4.75996853182042,-0.82020686795985,10
default_shortboard,2,2,4,20459.9996284887,1023,19.9999996368414,3.93845302155508,-0.521638092489109,10
default_shortboard,2,2,5,20460.0008320682,1023,20.0000008133609,3.36985615174977,-0.397381273100696,10
default_shortboard,2,2,6,20460.0003174367,1023,20.0000003102998,3.08405287899392,-0.0360860045967781,10
default_shortboard,2,2,7,20459.9977382846,1023,19.9999977891345,3.13010319736191,0.225591030384979,10
default_shortboard,2,3,0,20460.0016068725,1023,20.0000015707453,39.2644824758846,-5.73551752411542,10
default_shortboard,2,3,1,20460.0007984511,1023,20.0000007804996,10.9022805556915,-0.606748832736216,10
default_shortboard,2,3,2,20460.0012601487,1023,20.0000012318169,7.45701116063426,-1.09797483942678,10
default_shortboard,2,3,3,20459.9989314579,1023,19.9999989554818,5.99571824935411,-0.89276813599135,10
default_shortboard,2,3,4,20459.9990790581,1023,19.9999990997635,5.03016904602725,-0.759284937279637,10
default_shortboard,2,3,5,20459.9997702903,1023,19.9999997754549,4.52058771126458,-0.416002483437569,10
default_shortboard,2,3,6,20459.9989263647,1023,19.9999989505032,4.67975609448886,0.12931053784824,10
default_shortboard,2,4,0,20459.999573307,1023,19.9999995829003,45.1280143526634,0.128014352663406,10
default_shortboard,2,4,1,20459.9972879077,1023,19.9999973488834,49.1619338565924,4.16193385659238,10
default_shortboard,2,4,2,20460.0001374627,1023,20.0000001343721,21.2492287948983,-1.36740938869542,10
default_shortboard,2,4,3,20460.0007648011,1023,20.0000007476062,12.7214851417449,-1.50489520646072,10
default_shortboard,2,4,4,20460.0004845554,1023,20.0000004736612,10.3879500712737,-1.38963686567701,10
default_shortboard,2,4,5,20459.998474594,1023,19.9999985088896,10.6389774543175,-0.881434037076547,10
default_shortboard,2,4,6,20459.9980924326,1023,19.9999981353202,10.0894139228953,-0.578366953264368,10
default_shortboard,2,4,7,20460.0018053276,1023,20.0000017647387,13.5510369340094,-0.534267326244477,10
default_shortboard,20,0,0,20460.0035101344,1023,20.0000034312164,18.3357889746539,-1.13661169062926,10
default_shortboard,20,0,1,20460.0018953645,1023,20.0000018527513,14.0557979903328,-0.152756277550536,10
default_shortboard,20,0,2,20459.9978652252,1023,19.9999979132211,10.7644211565537,0.509684256224098,10
default_shortboard,20,0,3,20459.9989707819,1023,19.9999989939217,6.25002663986243,0.381545003815063,10
default_shortboard,20,0,4,20460.0007661345,1023,20.0000007489096,4.44882935108857,-0.241946043351129,10
default_shortboard,20,0,5,20459.999460942,1023,19.9999994730616,3.36338749629484,-0.789339630780354,10
default_shortboard,20,0,6,20460.0014773096,1023,20.0000014440954,2.77776950674369,-0.899118482300501,10
default_shortboard,20,0,7,20460.0008048067,1023,20.0000007867123,2.46879012476768,-0.850901771670916,10
default_shortboard,20,0,8,20460.0007445051,1023,20.0000007277665,2.35983818571553,-0.837177815032147,10
default_shortboard,20,0,9,20460.0011282659,1023,20.0000011028993,2.24957142093996,-0.719554326740705,10
default_shortboard,20,1,0,20459.9996622209,1023,19.9999996698151,26.4739344625676,-4.85442895601154,10
default_shortboard,20,1,1,20460.0000177557,1023,20.0000000173565,14.5742115302779,-1.23089272539839,10
default_shortboard,20,1,2,20459.9990778134,1023,19.9999990985468,13.1159245032523,-0.480708454206223,10
default_shortboard,20,1,3,20459.9991131096,1023,19.9999991330495,6.95149911093437,0.0188585584136227,10
default_shortboard,20,1,4,20460.0035872326,1023,20.0000035065812,4.31752380461239,-0.721571597151528,10
default_shortboard,20,1,5,20459.9996175286,1023,19.9999996261277,3.49273439132735,-0.561842482451942,10
default_shortboard,20,1,6,20460.003438759,1023,20.0000033614457,2.91670699718469,-0.607387107582154,10
default_shortboard,20,1,7,20459.9985751489,1023,19.9999986071837,2.69812649412202,-0.485866606997978,10
default_shortboard,20,1,8,20459.9987800055,1023,19.9999988074345,2.68079403841912,-0.448953352327946,10
default_shortboard,20,2,0,20460.002095987,1023,20.0000020488631,22.6894152924547,-1.98786513357066,10
default_shortboard,20,2,1,20459.9990756292,1023,19.9999990964117,9.63424402309976,-0.655028285249852,10
default_shortboard,20,2,2,20460.0028223577,1023,20.000002758903,5.69803797476905,-1.17073739296776,10
default_shortboard,20,2,3,20459.9993495112,1023,19.9999993641361,4.43605087222889,-0.920501728631709,10
default_shortboard,20,2,4,20459.9982267225,1023,19.9999982665909,3.52321007693147,-0.686665983554371,10
default_shortboard,20,2,5,20459.9995919569,1023,19.9999996011308,3.02346071140481,-0.287137423589698,10
default_shortboard,20,2,6,20459.9992103803,1023,19.9999992281333,3.77562229691125,-0.47197396697425,10
default_shortboard,20,2,7,20459.9994188021,1023,19.9999994318691,2.57859242932157,-0.065159907180508,10
default_shortboard,20,2,8,20460.0011323374,1023,20.0000011068792,2.25864384408749,0.0869540953234473,10
default_shortboard,20,3,0,20460.0008000433,1023,20.000000782056,40.2626478600126,1.39076446767864,10
default_shortboard,20,3,1,20460.0003167878,1023,20.0000003096655,13.035271887214,-0.280790086357785,10
default_shortboard,20,3,2,20460.0027779028,1023,20.0000027154475,7.39066008961354,-1.02215881907787,10
default_shortboard,20,3,3,20459.9995751873,1023,19.9999995847384,5.64756681883843,-1.34096858536689,10
default_shortboard,20,3,4,20459.9984962565,1023,19.999998530065,4.90937140325444,-1.1149954523669,10
default_shortboard,20,3,5,20459.9992242211,1023,19.9999992416628,5.76126766209952,-1.26571178431161,10
default_shortboard,20,3,6,20460.0020375371,1023,20.0000019917274,8.49888489505352,-0.9242060396999,10
default_shortboard,20,3,7,20460.0033115029,1023,20.0000032370508,2.38751358253056,0.119977419200483,10
default_shortboard,20,3,8,20459.9986913841,1023,19.9999987208056,2.45557309736878,0.328353897234507,10
default_shortboard,20,4,0,20459.9980316868,1023,19.9999980759402,,,10
default_shortboard,20,4,1,20460.0002066708,1023,20.0000002020242,,,10
default_shortboard,20,4,2,20460.0001768737,1023,20.0000001728971,16.0809130604464,-0.122101313332866,10
default_shortboard,20,4,3,20460.0010885477,1023,20.000001064074,10.269110194364,-1.03683710940794,10
default_shortboard,20,4,4,20460.0019868718,1023,20.0000019422011,9.02558412771782,-1.46949777383248,10
default_shortboard,20,4,5,20459.9993233404,1023,19.9999993385537,7.53882068222959,-0.976781429586816,10
default_shortboard,20,4,6,20460.0010125894,1023,20.0000009898235,13.8735888878342,0.0806601921555163,10
default_shortboard,20,4,7,20459.9985582236,1023,19.9999985906389,11.7653271585367,-0.963486966524297,10
default_shortboard,20,4,8,20460.0011438229,1023,20.0000011181064,6.29906521271253,-0.738343139185659,10
default_shortboard,20,4,9,20460.0017769194,1023,20.0000017369691,6.254005160741,-0.506968292780733,10
default_shortboard,20,4,10,20459.9986735403,1023,19.999998703363,5.21648201909212,-0.328628683422533,10
default_shortboard,30,0,0,20459.9985808977,1023,19.9999986128033,18.0974934358098,-2.17491791062578,10
default_shortboard,30,0,1,20459.9981080132,1023,19.9999981505505,14.004938389798,-0.602575037936388,10
default_shortboard,30,0,2,20459.9984074347,1023,19.9999984432401,11.5959171373609,0.203997047639264,10
default_shortboard,30,0,3,20459.999612752,1023,19.9999996214585,6.02499977134919,0.152607593767399,10
default_shortboard,30,0,4,20459.9964410558,1023,19.9999965210711,3.94925235524758,-0.477241766303937,10
default_shortboard,30,0,5,20460.0001722525,1023,20.0000001683797,3.08864140214062,-0.690433981999394,10
default_shortboard,30,0,6,20460.0026817325,1023,20.0000026214394,2.48431761971559,-0.706642310704334,10
default_shortboard,30,1,0,20459.999918082,1023,19.9999999199237,16.335780745557,-0.952202195116847,10
default_shortboard,30,1,1,20460.0008394655,1023,20.0000008205919,12.3019897291821,-0.550419633610833,10
default_shortboard,30,1,2,20460.0001172012,1023,20.0000001145661,6.46827733780712,-0.150503751975592,10
default_shortboard,30,1,3,20460.000776774,1023,20.0000007593098,4.26379532846926,-0.761916684775374,10
default_shortboard,30,1,4,20459.9992560197,1023,19.9999992727465,3.26941963387583,-0.535363710392966,10
default_shortboard,30,1,5,20459.9985180896,1023,19.9999985514072,2.94095705113968,-0.36842681803146,10
default_shortboard,30,1,6,20460.0019275626,1023,20.0000018842254,2.52228420474917,-0.207488362999849,10
default_shortboard,30,1,7,20459.999329906,1023,19.9999993449717,2.38533116581926,-0.0013594507884109,10
default_shortboard,30,2,0,20460.0000139898,1023,20.0000000136753,22.7132140584744,-1.13127980749239,10
default_shortboard,30,2,1,20459.9966039623,1023,19.999996680315,9.59071208129395,-0.330795754094229,10
default_shortboard,30,2,2,20459.9981959544,1023,19.9999982365146,6.10154671690915,-0.859224366922636,10
default_shortboard,30,2,3,20460.0001661255,1023,20.0000001623905,4.37263199788294,-1.05159237879553,10
default_shortboard,30,2,4,20460.0005286142,1023,20.0000005167294,3.48654125083842,-0.557609101639612,10
default_shortboard,30,2,5,20460.0014684053,1023,20.0000014353913,3.09495318002573,-0.211927532483423,10
default_shortboard,30,2,6,20459.9985013256,1023,19.9999985350202,2.8803650766333,-0.0210302442590327,10
default_shortboard,30,2,7,20459.9997194224,1023,19.9999997257306,2.88697150317964,0.0229182538205088,10
default_shortboard,30,2,8,20459.9979147653,1023,19.9999979616474,2.27399148924403,0.329486989808605,10
default_shortboard,30,2,9,20460.0013269644,1023,20.0000012971304,1.96378878725046,0.383652011279998,10
default_shortboard,30,3,0,20460.0000698237,1023,20.0000000682538,36.6004819802095,4.05134867942827,10
default_shortboard,30,3,1,20459.9993223704,1023,19.9999993376054,13.0718115649047,-0.268468014257939,10
default_shortboard,30,3,2,20460.0026609578,1023,20.0000026011317,7.36725109259947,-1.34617168266908,10
default_shortboard,30,3,3,20460.0011857385,1023,20.0000011590796,5.28395391316098,-1.54656290202457,10
default_shortboard,30,3,4,20459.9998041586,1023,19.9999998085617,4.88041683932835,-1.27774575451321,10
default_shortboard,30,3,5,20459.9999802636,1023,19.9999999807073,4.28836649628461,-0.669138253013488,10
default_shortboard,30,3,6,20459.9977154738,1023,19.9999977668365,2.75764942454974,0.116214516636527,10
default_shortboard,30,3,7,20460.0010169542,1023,20.0000009940901,1.84277487726822,0.271210202890777,10
default_shortboard,30,3,8,20460.0007596446,1023,20.0000007425656,1.98855761245517,0.199078714406767,10
default_shortboard,30,3,9,20459.9993628119,1023,19.9999993771377,1.90196223851869,0.260597306458445,10
default_shortboard,30,4,0,20460.0003011932,1023,20.0000002944215,,,10
default_shortboard,30,4,1,20459.9965946138,1023,19.9999966711767,,,10
default_shortboard,30,4,2,20460.0000455204,1023,20.000000044497,15.4723683963895,0.537681735622874,10
default_shortboard,30,4,3,20460.000565255,1023,20.0000005525464,10.1386973047661,-1.02793057914505,10
default_shortboard,30,4,4,20460.0007139918,1023,20.0000006979392,7.97882797233533,-2.05344245918322,10
default_shortboard,30,4,5,20459.9992633382,1023,19.9999992799005,7.6286501240572,-1.94611698867473,10
default_shortboard,30,4,6,20460.0001126297,1023,20.0000001100974,9.7816030013397,-2.13708005072329,10
default_shortboard,30,4,7,20459.9991423098,1023,19.9999991615932,5.78921902835253,-1.07687365353223,10
default_shortboard,30,4,8,20460.0014319852,1023,20.0000013997901,7.56740450954947,-1.04548954867807,10
default_shortboard,30,4,9,20459.9993439276,1023,19.999999358678,4.21613837524313,-0.326829421082551,10
default_shortboard,30,4,10,20460.0013952077,1023,20.0000013638394,4.77249213277183,-0.144745625864648,10
default_shortboard,45,0,0,20460.0021042549,1023,20.0000020569452,5.60528174699902,-0.236494147166024,10
default_shortboard,45,0,1,20459.9955208224,1023,19.9999956215273,3.82143313571205,-0.396160534179307,10
default_shortboard,45,1,0,20460.0019634786,1023,20.0000019193339,11.9923880372335,-1.19016239306432,10
default_shortboard,45,1,1,20460.0008014402,1023,20.0000007834215,6.8734975599277,-0.675102636910675,10
default_shortboard,45,1,2,20459.9999800137,1023,19.9999999804631,4.08059096365966,-0.572300195397956,10
default_shortboard,45,1,3,20459.998666504,1023,19.9999986964848,3.41496376009846,-0.46338363675213,10
default_shortboard,45,1,4,20459.99900753,1023,19.9999990298436,2.90790969768518,-0.354695254173337,10
default_shortboard,45,1,5,20460.0001383398,1023,20.0000001352296,2.60703419384407,-0.126306307941207,10
default_shortboard,45,1,6,20459.9989998031,1023,19.9999990222904,2.40068111019804,0.114249320799844,10
default_shortboard,45,1,7,20459.9980953558,1023,19.9999981381777,1.87492193328219,0.200384751427938,10
default_shortboard,45,1,8,20459.9984457978,1023,19.9999984807408,1.4970709506302,-0.0220380600662102,10
default_shortboard,45,1,9,20460.0013314755,1023,20.0000013015401,1.82292359495738,0.425424152856852,10
default_shortboard,45,2,0,20460.0010352614,1023,20.0000010119858,23.8091577764175,-3.88206155341648,10
default_shortboard,45,2,1,20460.0005887065,1023,20.0000005754707,9.74069663997454,-0.722892074625065,10
default_shortboard,45,2,2,20459.9984156395,1023,19.9999984512606,5.77243385437818,-1.70592727538256,10
default_shortboard,45,2,3,20459.9992849781,1023,19.9999993010538,4.58522647500882,-1.02394443868747,10
default_shortboard,45,2,4,20459.9962271006,1023,19.9999963119263,3.64470576995,-0.780480387276559,10
default_shortboard,45,2,5,20460.0000628892,1023,20.0000000614752,4.18063700227551,-0.756844877912482,10
default_shortboard,45,2,6,20460.0030647243,1023,20.0000029958205,3.21003301268095,-0.151346610732137,10
default_shortboard,45,2,7,20460.0014590402,1023,20.0000014262367,3.97110483899111,-0.144919178342874,10
default_shortboard,45,2,8,20460.0015148246,1023,20.000001480767,1.92238097816333,0.466482454832638,10
default_shortboard,45,2,9,20460.0010529905,1023,20.0000010293162,2.42076080908948,0.313685594703489,10
default_shortboard,45,3,0,20459.9997707098,1023,19.9999997758649,35.5915495081228,6.54489576056418,10
default_shortboard,45,3,1,20460.0024180255,1023,20.0000023636613,11.9510278150492,-0.237714822585072,10
default_shortboard,45,3,2,20459.99992522,1023,19.9999999269013,7.20382367598145,-1.50139559281738,10
default_shortboard,45,3,3,20460.0003383046,1023,20.0000003306985,5.25997542554022,-1.51895857638239,10
default_shortboard,45,3,4,20460.002578874,1023,20.0000025208935,4.88582207307606,-1.13812182798596,10
default_shortboard,45,3,5,20460.0001317025,1023,20.0000001287414,4.51945762554351,-0.544331742132273,10
default_shortboard,45,3,6,20460.0005293698,1023,20.000000517468,5.08780601971446,-1.32256099230947,10
default_shortboard,45,3,7,20459.9991880758,1023,19.9999992063302,1.83433346470333,0.432179138264428,10
default_shortboard,45,3,8,20460.0006210046,1023,20.0000006070426,1.82388860681943,0.480045504364292,10
default_shortboard,45,4,0,20459.9993216979,1023,19.9999993369481,,,10
default_shortboard,45,4,1,20459.9991931609,1023,19.999999211301,,,10
default_shortboard,45,4,2,20460.0026259285,1023,20.0000025668901,13.2769675813693,0.49256187305636,10
default_shortboard,45,4,3,20459.9987832032,1023,19.9999988105603,9.60883645215452,-1.64761801561891,10
default_shortboard,45,4,4,20459.9993255373,1023,19.9999993407012,7.864140779985,-2.38420459507603,10
default_shortboard,45,4,5,20460.0009661806,1023,20.000000944458,7.35596367696511,-2.23175624033225,10
default_shortboard,45,4,6,20459.9991077853,1023,19.9999991278449,9.41268470777661,-2.66802093492359,10
default_shortboard,45,4,7,20459.9990603835,1023,19.9999990815088,8.16319515640013,-2.00548884933717,10
default_shortboard,45,4,8,20459.9981738802,1023,19.9999982149367,8.1846917274785,-1.70990151135207,10
default_shortboard,45,4,9,20460.0000124588,1023,20.0000000121787,3.80793530571512,0.166258641362706,10
default_shortboard,5,0,0,20460.0000408465,1023,20.0000000399281,18.5578805796264,-0.329871953332539,10
default_shortboard,5,0,1,20460.0009825681,1023,20.0000009604771,14.3504239140438,0.695968729107268,10
default_shortboard,5,0,2,20459.9969801889,1023,19.999997048083,10.6804042590659,0.420820785860331,10
default_shortboard,5,0,3,20459.999883751,1023,19.9999998863646,6.35523077111203,0.482428990411343,10
default_shortboard,5,0,4,20460.0029660729,1023,20.000002899387,4.71775290979521,-0.207859063013631,10
default_shortboard,5,0,5,20459.999359302,1023,19.9999993737067,3.71455927528972,-0.746534150461013,10
default_shortboard,5,0,6,20460.0019722702,1023,20.0000019279279,3.01275798946728,-1.07401159137379,10
default_shortboard,5,0,7,20460.003364108,1023,20.0000032884732,2.55972788293022,-1.11439468901497,10
default_shortboard,5,0,8,20459.9993291676,1023,19.9999993442499,2.23227094434754,-0.886116277942501,10
default_shortboard,5,0,9,20460.0000286921,1023,20.000000028047,2.11485739801291,-0.70134834196207,10
default_shortboard,5,0,10,20460.0015861604,1023,20.0000015504989,2.01299640320506,-0.564881118309837,10
default_shortboard,5,1,0,20460.0022294123,1023,20.0000021792887,29.4409330752795,-8.59532562223025,10
default_shortboard,5,1,1,20460.0013280429,1023,20.0000012981846,18.0998594531901,-0.246850751888065,10
default_shortboard,5,1,2,20460.0036979199,1023,20.0000036147799,12.9444549284424,0.168183108374011,10
default_shortboard,5,1,3,20460.0001151451,1023,20.0000001125563,6.7767612260707,0.36614149035293,10
default_shortboard,5,1,4,20459.9985656517,1023,19.9999985979,4.53597846962337,-0.458350029216964,10
default_shortboard,5,1,5,20459.9992363641,1023,19.9999992535329,3.58205901810023,-0.776332266842393,10
default_shortboard,5,1,6,20460.001770423,1023,20.0000017306187,3.08164372124955,-0.812101462695147,10
default_shortboard,5,1,7,20459.9964565348,1023,19.9999965362022,2.770736037924,-0.774042070672798,10
default_shortboard,5,1,8,20460.0003876356,1023,20.0000003789204,2.58142855535665,-0.509394618166295,10
default_shortboard,5,1,9,20460.0016554471,1023,20.0000016182279,2.51791483372059,-0.16601294070873,10
default_shortboard,5,1,10,20460.0011998431,1023,20.0000011728672,2.22609712422482,-0.202968818539462,10
default_shortboard,5,1,11,20459.9994816992,1023,19.9999994933521,2.08798759913378,-0.0710020687586796,10
default_shortboard,5,2,0,20459.9998544622,1023,19.9999998577343,23.2858813319941,-3.99967927591609,10
default_shortboard,5,2,1,20460.0021947243,1023,20.0000021453806,8.86632930189151,-0.0588845118902253,10
default_shortboard,5,2,2,20459.9995870163,1023,19.9999995963014,6.35164739813676,-0.701038816310261,10
default_shortboard,5,2,3,20459.9999021551,1023,19.9999999043549,4.73892375369145,-0.826019559907179,10
default_shortboard,5,2,4,20460.0004751559,1023,20.0000004644731,3.5047081960097,-0.567083929692206,10
default_shortboard,5,2,5,20459.9994496822,1023,19.9999994620549,3.28628381077352,-0.339291254839274,10
default_shortboard,5,2,6,20460.0002404528,1023,20.0000002350467,3.03233494641293,-0.0569177639294729,10
default_shortboard,5,2,7,20460.0025440455,1023,20.000002486848,3.14697298833238,0.227612112249004,10
default_shortboard,5,2,8,20460.00110748,1023,20.0000010825806,3.26400342602017,0.270705372278714,10
default_shortboard,5,2,9,20460.0000445383,1023,20.000000043537,3.29914950448934,0.457889786548057,10
default_shortboard,5,3,0,20460.0007587589,1023,20.0000007416998,40.4794364818348,-4.52056351816515,10
default_shortboard,5,3,1,20459.9989803077,1023,19.9999990032333,10.3835702434727,-0.535434196834965,10
default_shortboard,5,3,2,20460.0011530849,1023,20.0000011271602,7.86907264496317,-1.11467102263937,10
default_shortboard,5,3,3,20460.0008860545,1023,20.0000008661334,5.64658615589715,-1.03223683833503,10
default_shortboard,5,3,4,20460.0005558013,1023,20.0000005433053,4.90385770175461,-0.774235731625517,10
default_shortboard,5,3,5,20459.998476657,1023,19.9999985109062,4.37589695356411,-0.460380054492533,10
default_shortboard,5,3,6,20459.9983130416,1023,19.9999983509693,4.03817267641055,-0.0697527386285106,10
default_shortboard,5,3,7,20460.0023547658,1023,20.0000023018239,4.07372678931658,0.042295114359308,10
default_shortboard,5,3,8,20459.9980612728,1023,19.999998104861,4.74730731558575,0.127012267825738,10
default_shortboard,5,4,0,20460.0018938527,1023,20.0000018512734,13.1876460303256,-1.43137824640776,10
default_shortboard,5,4,1,20460.0009861632,1023,20.0000009639914,18.2213407113524,-1.31104606843274,10
default_shortboard,5,4,2,20459.9992402644,1023,19.9999992573455,11.2296469881519,-1.58261268592034,10
default_shortboard,5,4,3,20459.9983770606,1023,19.9999984135489,9.34045228819884,-1.37757196564637,10
default_shortboard,5,4,4,20460.0014689798,1023,20.0000014359529,8.46653615424022,-1.06726206353322,10
default_shortboard,5,4,5,20460.0000372663,1023,20.0000000364284,28.1942881196506,-0.687740460061306,10
default_shortboard,5,4,6,20460.0009651691,1023,20.0000009434693,19.356266108869,0.0934925950750127,10
default_shortboard,60,0,0,20460.0017198857,1023,20.0000016812177,11.8906141414442,-2.19093836404901,10
default_shortboard,60,0,1,20459.9991439372,1023,19.999999163184,7.06190747405582,-0.756984051212738,10
default_shortboard,60,0,2,20460.0033141065,1023,20.0000032395958,4.93911151519624,-0.924565986482224,10
default_shortboard,60,0,3,20459.9984673118,1023,19.9999985017711,3.40618959631979,-0.596806848382358,10
default_shortboard,60,0,4,20459.9997911691,1023,19.9999997958642,2.92267679315403,-0.300122031156276,10
default_shortboard,60,0,5,20459.9982672191,1023,19.999998306177,2.5589186841193,0.0644521409216705,10
default_shortboard,60,1,0,20459.9984242835,1023,19.9999984597101,15.413053287443,-6.46598838430993,10
default_shortboard,60,1,1,20459.9958644618,1023,19.9999959574407,9.28018013279498,-1.14034827907026,10
default_shortboard,60,1,2,20460.0017226675,1023,20.000001683937,6.05326151298263,-1.77998948646805,10
default_shortboard,60,1,3,20460.0006308361,1023,20.000000616653,4.53573901202559,-1.02885382626176,10
default_shortboard,60,1,4,20459.9982024181,1023,19.999998242833,3.98935318654696,-0.748896592200602,10
default_shortboard,60,1,5,20460.0034748534,1023,20.0000033967287,3.50442396246496,-0.468983544477789,10
default_shortboard,60,1,6,20459.9988743197,1023,19.9999988996283,2.95384457941903,0.116859229763877,10
default_shortboard,60,1,7,20460.0013756755,1023,20.0000013447463,2.53442026825414,0.389573113636833,10
default_shortboard,60,1,8,20460.0001165894,1023,20.0000001139681,2.31214966052409,0.601611511644089,10
default_shortboard,60,1,9,20459.9991424424,1023,19.9999991617228,2.00481072885976,0.647740044426781,10
default_shortboard,60,2,0,20459.9981625225,1023,19.9999982038343,36.0765775143507,8.57598623627449,10
default_shortboard,60,2,1,20459.9975579166,1023,19.9999976128217,10.4881834222548,-0.570910053086957,10
default_shortboard,60,2,2,20459.9998441236,1023,19.9999998476282,7.62032075507606,-1.42959455864464,10
default_shortboard,60,2,3,20459.9983642443,1023,19.9999984010208,5.64528159473791,-1.50769348765955,10
default_shortboard,60,2,4,20459.9979188668,1023,19.9999979656567,4.91204801977236,-1.09734328805845,10
default_shortboard,60,2,5,20459.9999784097,1023,19.9999999788952,3.91247962811755,-0.830722581355109,10
default_shortboard,60,2,6,20460.0021306991,1023,20.0000020827949,3.80273896778,-0.425535377617952,10
default_shortboard,60,2,7,20460.0024524609,1023,20.0000023973224,3.84791045045583,-0.459552241804913,10
default_shortboard,60,2,8,20460.000992527,1023,20.0000009702121,3.61878285027476,0.0901275596711271,10
default_shortboard,60,2,9,20459.9987441005,1023,19.9999987723368,3.49683305924353,0.60814425652441,10
default_shortboard,60,3,0,20460.0008885478,1023,20.0000008685707,53.3733244590983,28.4264555626139,10
default_shortboard,60,3,1,20459.9989537511,1023,19.9999989772738,,,10
default_shortboard,60,3,2,20460.0001993156,1023,20.0000001948344,11.7889326455169,0.411747777658038,10
default_shortboard,60,3,3,20459.9990077927,1023,19.9999990301004,9.13227228605419,-1.28497643983692,10
default_shortboard,60,3,4,20460.0029308541,1023,20.00000286496,8.01333717484753,-2.54702659468372,10
default_shortboard,60,3,5,20460.0022579971,1023,20.0000022072308,7.25923289262974,-2.10043965375698,10
default_shortboard,60,3,6,20460.0003238405,1023,20.0000003165597,6.94748123815598,-2.05309192010818,10
default_shortboard,60,3,7,20459.9986682984,1023,19.9999986982389,7.27977508392983,-1.8119130721981,10
default_shortboard,60,3,8,20460.0012744971,1023,20.0000012458427,5.63758172294559,-0.958561522751429,10
default_shortboard,60,3,9,20459.9999653182,1023,19.9999999660979,5.93962116147826,-0.605319310170911,10
default_shortboard,60,3,10,20459.999888028,1023,19.9999998905454,5.19958110143378,0.100753739373234,10
default_shortboard,75,0,0,20459.9977135292,1023,19.9999977649357,10.6792709179915,-2.91400319852458,10
default_shortboard,75,0,1,20460.000466837,1023,20.0000004563412,7.12101200652092,-1.04200812745125,10
default_shortboard,75,0,2,20459.9987056275,1023,19.9999987347288,4.98123597657743,-0.636796478866908,10
default_shortboard,75,0,3,20459.9976732181,1023,19.9999977255309,3.60754564858251,-0.0913552894515504,10
default_shortboard,75,0,4,20459.9977190238,1023,19.9999977703067,3.12593560005692,0.0122819402363641,10
default_shortboard,75,0,5,20459.9967497304,1023,19.9999968228059,3.05436346124258,0.110918017135522,10
default_shortboard,75,1,0,20460.0004382496,1023,20.0000004283964,15.0287051429872,-7.36858222578719,10
default_shortboard,75,1,1,20459.998047462,1023,19.9999980913607,8.93088818948527,-1.89884470541219,10
default_shortboard,75,1,2,20460.000409887,1023,20.0000004006716,5.79333678897864,-1.14083965602869,10
default_shortboard,75,1,3,20460.0019146451,1023,20.0000018715984,4.73189548109875,-0.629830326091196,10
default_shortboard,75,1,4,20460.0004028276,1023,20.0000003937709,3.69240859345164,-0.221807686531876,10
default_shortboard,75,1,5,20459.9982440363,1023,19.9999982835155,3.28115670701682,-0.108697008879785,10
default_shortboard,75,1,6,20459.9999698977,1023,19.9999999705745,2.80943699818889,0.243241748631394,10
default_shortboard,75,1,7,20459.9997777309,1023,19.9999997827282,2.69540266465374,0.37247566651531,10
default_shortboard,75,1,8,20459.9993865819,1023,19.9999994003734,2.45148082394425,0.599006968925638,10
default_shortboard,75,1,9,20460.0017261713,1023,20.000001687362,2.42152242255474,0.671376271965748,10
default_shortboard,75,2,0,20460.0010247792,1023,20.0000010017392,36.0439234490849,8.45393855528603,10
default_shortboard,75,2,1,20459.9988909774,1023,19.9999989159114,9.98984589307691,-0.950844147511472,10
default_shortboard,75,2,2,20460.0012225211,1023,20.0000011950353,6.96211679261704,-1.89744322020034,10
default_shortboard,75,2,3,20459.9982229136,1023,19.9999982628676,5.85816434949544,-1.50262208849284,10
default_shortboard,75,2,4,20460.0010880781,1023,20.0000010636149,4.78357046163812,-0.925022906892154,10
default_shortboard,75,2,5,20459.9974765839,1023,19.9999975333176,3.89594180110231,-0.82696097370848,10
default_shortboard,75,2,6,20460.0005968557,1023,20.0000005834366,4.06107504033919,-0.802780798436445,10
default_shortboard,75,2,7,20460.0023527284,1023,20.0000022998323,3.89796874378562,-0.542415167347192,10
default_shortboard,75,2,8,20460.0001399426,1023,20.0000001367962,3.33428281309963,0.169587788609274,10
default_shortboard,75,2,9,20459.9997377003,1023,19.9999997435976,2.62140270009346,0.881102879193497,10
default_shortboard,75,3,0,20459.9995348291,1023,19.9999995452875,32.6304606953099,13.6110705891087,10
default_shortboard,75,3,1,20459.9999873775,1023,19.9999999876613,85.0568609490284,60.1733446373829,10
default_shortboard,75,3,2,20460.0024412315,1023,20.0000023863455,11.7699890252033,-0.154210079105818,10
default_shortboard,75,3,3,20459.9976055529,1023,19.999997659387,8.38425401039786,-2.27965590171152,10
default_shortboard,75,3,4,20459.999365351,1023,19.9999993796198,8.02714061920317,-2.41021156127779,10
default_shortboard,75,3,5,20460.0011504498,1023,20.0000011245844,7.19422055074634,-1.94113063028393,10
default_shortboard,75,3,6,20459.9994475923,1023,19.999999460012,6.70323661066274,-1.59392735265513,10
default_shortboard,75,3,7,20460.0013625525,1023,20.0000013319184,7.63373200685656,-1.75571425168837,10
default_shortboard,75,3,8,20460.0007310439,1023,20.0000007146079,5.43286364705485,-0.949415749002277,10
default_shortboard,75,3,9,20459.9998460409,1023,19.9999998495023,5.22901660102549,-0.121524036944481,10
default_shortboard,90,0,0,20459.9973651041,1023,19.9999974243442,15.6783951354796,-10.7244807647889,10
default_shortboard,90,0,1,20460.0024070991,1023,20.0000023529805,9.19611553609894,-1.84942813455535,10
default_shortboard,90,0,2,20459.9995952867,1023,19.9999996043858,5.40050775294675,-5.50755041355715,10
default_shortboard,90,0,3,20459.9990940633,1023,19.9999991144314,,,10
default_shortboard,90,0,4,20459.9985847996,1023,19.9999986166174,,,10
default_shortboard,90,1,0,20460.0021839756,1023,20.0000021348735,36.0373720841155,7.19492480323171,10
default_shortboard,90,1,1,20460.0005349036,1023,20.0000005228774,10.3793508175686,-1.50554927550998,10
default_shortboard,90,1,2,20459.999394733,1023,19.9999994083412,7.01801009062614,-1.92211728211556,10
default_shortboard,90,1,3,20460.0026781444,1023,20.000002617932,5.68525217717673,-1.4935360079429,10
default_shortboard,90,1,4,20460.0000512292,1023,20.0000000500774,4.63002510444542,-0.819497867661514,10
default_shortboard,90,1,5,20460.0021180432,1023,20.0000020704234,4.29985397422693,-0.580565280076044,10
default_shortboard,90,1,6,20459.9998534028,1023,19.9999998566987,3.80567237729782,-0.925731450369413,10
default_shortboard,90,1,7,20460.0007198124,1023,20.0000007036289,3.45854459553578,-0.632289068404648,10
default_shortboard,90,1,8,20459.9980803312,1023,19.9999981234909,3.38175016499551,-0.0978915109535916,10
default_shortboard,90,1,9,20460.0017387464,1023,20.0000016996543,3.161020882336,0.617493994442327,10
default_shortboard,90,2,0,20460.0005113495,1023,20.0000004998529,33.341054018081,13.5927000599511,10
default_shortboard,90,2,1,20460.0016051495,1023,20.0000015690611,31.3078599752424,12.4104600728987,10
default_shortboard,90,2,2,20460.000513585,1023,20.0000005020381,12.0431928995756,-0.122055971274047,10
default_shortboard,90,2,3,20459.9999281767,1023,19.9999999297915,11.4209858282955,0.37900508488733,10
default_shortboard,90,2,4,20459.9991464044,1023,19.9999991655957,7.86020262899633,-2.1771756821609,10
default_shortboard,90,2,5,20459.9994206994,1023,19.9999994337238,8.09758938090459,-2.36310302479609,10
default_shortboard,90,2,6,20460.0001187581,1023,20.000000116088,6.62624772630335,-1.31282345213293,10
default_shortboard,90,2,7,20459.9998098721,1023,19.9999998141468,7.22884552004847,-1.81597526547399,10
default_shortboard,90,2,8,20459.9984165124,1023,19.9999984521138,5.37523118463998,-1.41741522344108,10
default_shortboard,90,2,9,20459.9989854737,1023,19.9999990082832,5.53299032238702,-1.39401163073798,10
