timestamp,speed_ms,roll_rad,turn_radius_m,lift_force_n,yaw_rate_rad_s,roll_rate_rad_s,accel_x_ms2,accel_y_ms2,accel_z_ms2
0.0,7.367260272752375,0.0,1000000000.0,801.8792285324073,7.3672602727523755e-09,0.006698642068963244,-2.3255771874922893,5.427652392647541e-08,2.2672107313387187e-07
0.01,7.344004500877452,6.698642068963245e-05,82074.84818695077,796.8247342632744,8.947935528493721e-05,0.013395815015025082,-2.3126965046321946,0.0006571367879481915,-0.06183525693012852
0.02,7.321006342659731,0.00026791630030050163,20392.63805616134,791.8419465633696,0.0003590024165827724,0.026785754182850032,-2.2871128199520196,0.002628258968832648,-0.12279349942660961
0.03,7.298262244478412,0.0006027015043466331,9008.813447015738,786.9295739172302,0.0008101246948227168,0.04016394423361189,-2.261881386232778,0.00591250247354423,-0.1828903008621117
0.04,7.275768714935076,0.0010711951849727394,5037.557134541712,782.0863535142851,0.0014443049519074058,0.05352451705100303,-2.2369960486844143,0.010508428783913712,-0.24214111016154674
0.05,7.253522323504724,0.0016731918453666938,3205.403833585317,777.3110504903266,0.0022629043640318776,0.06686161224621226,-2.212450785668363,0.016414027320461485,-0.30056103436064496
0.06,7.231519699221709,0.0024084274298969846,2213.378745896536,772.6024571921524,0.003267185840935939,0.08016937972849353,-2.1882397052602087,0.023626718769746487,-0.3581648476021535
0.07,7.2097575293995195,0.0032765794399365646,1617.149069251663,767.9593924645716,0.00445831350151031,0.09344198227120452,-2.164357041915288,0.03214335933593749,-0.41496699985843677
0.08,7.188232558383403,0.004277267075321075,1231.4200312428559,763.380700959005,0.005837352305474855,0.10667359807220392,-2.140797153233809,0.04196024589696877,-0.4709816253898904
0.09,7.166941586334843,0.005410051401380643,967.8166598477359,758.8652524629388,0.007405267840153113,0.1198584233074943,-2.117554516821629,0.05307312204154135,-0.5262225509482547
0.1,7.14588146804697,0.006674435541470961,779.8689266677848,754.4119412495196,0.00916292626067282,0.1329906746769638,-2.0946237272439827,0.06547718495922282,-0.5807033037335053
0.11,7.125049111789964,0.008069864894919919,641.255385591715,750.0196854466034,0.01111109438124307,0.1460645919411363,-2.0719994930690433,0.0791670931520904,-0.6344371191127669
0.12,7.104441478185589,0.009595727380293687,536.1664611917296,745.6874264246009,0.013250439914489705,0.15907444044780386,-2.049676633997599,0.09413697493270658,-0.6874369481092621
0.13,7.084055579110012,0.011251353703875996,454.6443600636083,741.4141282024823,0.01558153185518214,0.17201451364743373,-2.02765007807697,0.11038043766978342,-0.7397154646691106
0.14,7.06388847662405,0.013036017653242362,390.1657283287773,737.1987768713338,0.01810484100405556,0.1848791355962431,-2.0059148589957942,0.1278905777396587,-0.7912850727134022
0.15,7.043937281930096,0.014948936415800858,338.3134830877761,733.040380034875,0.020820740626830214,0.1976626634458664,-1.9844661134569286,0.14665999113872594,-0.8421579129827749
0.16,7.024199154354911,0.01698927092215969,296.01116797065674,726.9159886235569,0.023729507242953793,0.2103594899184909,-1.9546216365672553,0.1666807847092148,-0.917082264425969
0.17,7.004844849198751,0.019156126214170677,261.07616027806296,720.594862391956,0.026830656777463477,0.22296404576639134,-1.9152242235497496,0.1879445879282346,-0.9944134229828858
0.18,6.985894669883916,0.021448551837487517,231.9051960354391,714.2592744938164,0.03012392473007095,0.23547080221478725,-1.8745719372765368,0.21044256520778698,-1.0719215021370383
0.19,6.96735341045322,0.023865542258466422,207.30649193480122,707.9118145414849,0.03360894946138244,0.24787427338694973,-1.8334506385145222,0.23416542865151285,-1.1495748211853924
0.2,6.949225657113626,0.02640603730522651,186.38013892728625,701.5549599544345,0.03728522629669664,0.26016901871048304,-1.7918807497211198,0.25910345121229195,-1.2273430719659115
0.21,6.931515795458798,0.029068922632676082,168.4364735723042,695.1910781603706,0.04115210707307599,0.2723496453037436,-1.7498819746786243,0.28524648019343796,-1.3051972919297474
0.22,6.9142280176200535,0.031853030211301384,152.93987078135194,688.8224288830244,0.04520879991787668,0.2844108103413356,-1.7074733061321012,0.31258395103516207,-1.3831098361529182
0.23,6.897366329336156,0.034757138839502794,139.46930136729284,682.4511665064081,0.049454369253431045,0.29634722339764547,-1.6646730343478744,0.34110490132717247,-1.4610543484125713
0.24,6.880934556933096,0.03777997467925429,127.69017711451944,676.0793425058872,0.053887736021870365,0.30815364876740464,-1.621498756521067,0.3707979849877762,-1.539005731445821
0.25,6.864936354205734,0.040920211814850886,117.33393931177356,669.7089079369699,0.05850767812341651,0.31982490776224154,-1.5779673869642519,0.4016514865496095,-1.6169401165024913
0.26,6.849375209193811,0.044176472834499124,108.18305064591384,663.3417159732769,0.0633128310608656,0.3313558809822242,-1.5340951680117065,0.4336533354921688,-1.6948348322961935
0.27,6.8342544508455,0.04754732943449537,100.05981656786156,656.9795244856871,0.06830168878243387,0.342741510561393,-1.4898976815773235,0.4667911205616128,-1.7726683734516702
0.28,6.8195772555622645,0.051031303045726985,92.8179595925427,650.6239986551892,0.07347260471463941,0.3539768023863139,-1.4453898613076,0.5010521040188718,-1.8504203685397884
0.29,6.805346653619348,0.05462686548222165,86.33619871162725,644.2767136124804,0.07882379297645455,0.3650568282866664,-1.400586005273663,0.5364232357578993,-1.9280715477853174
0.3,6.791565535456791,0.05833243961146031,80.51330699488263,637.9391570978539,0.08435332976558096,0.3759767281968938,-1.3554997891497056,0.5728911672369412,-2.005603710526494
0.31,6.778236657836354,0.062146400046159525,75.26427118717164,631.612732135408,0.09005915490737741,0.3867317122879861,-1.3101442798284069,0.6104422651669484,-2.0829996924993828
0.32,6.765362649860223,0.06606707385722004,70.5172814271706,625.2987597160743,0.0959390735567055,0.39731706306846554,-1.2645319494259954,0.649062624902728,-2.160243333014347
0.33,6.752946018847834,0.07009274130752884,66.21135236603632,618.9984814844202,0.10199075804275243,0.40772813745363207,-1.2186746896340583,0.6887380834840777,-2.2373194420863447
0.34,6.740989156067542,0.07422163660629268,62.29442889163755,612.7130624246124,0.10821174984674203,0.41796036880216714,-1.172583826376794,0.7294542322759815,-2.314213767575484
0.35000000000000003,6.729494342320298,0.07845194868357218,58.721866947322006,606.4435935413615,0.11459946170235302,0.42800926891922786,-1.1262701347351634,0.7711964291589364,-2.390912962388992
0.36,6.718463753372839,0.08278182198467723,55.45520699002152,600.1910945320526,0.12115117980862902,0.43787043002510573,-1.0797438541036097,0.8139498102226294,-2.4674045517909917
0.37,6.707899465238226,0.0872093572840743,52.46117746343144,593.9565164466676,0.12786406614518003,0.4475395266886173,-1.033014703545776,0.8576993009184383,-2.543676900861654
0.38,6.697803459301923,0.09173261251844958,49.71088033427015,587.7407443324694,0.1347351608795495,0.45701231772440687,-0.9860918973191968,0.902429626628648,-2.619719182142752
0.39,6.688177627291842,0.09634960363856243,47.17912169136047,581.5445998607652,0.1417613848567383,0.46628464805324454,-0.9389841605415672,0.9481253226127456,-2.6955213435024636
0.4,6.679023776091092,0.10105830547951447,44.84385865017095,575.3688439334087,0.1489395421610453,0.47535245052459024,-0.8916997449730069,0.9947707432937432,-2.771074076248044
0.41000000000000003,6.670343632392382,0.10585665264905424,42.68574005843189,569.2141792670132,0.15626632274060248,0.4842117477005914,-0.8442464448914944,1.0423500708501507,-2.8463687835111746
0.42,6.662138847193262,0.1107425404335263,40.687723277245894,563.0812529531519,0.16373830508523393,0.49285865360070635,-0.7966316130406437,1.090847323081919,-2.921397548927077
0.43,6.654411000131569,0.11571382572106836,38.83475299006541,556.9706589931087,0.17135195894857064,0.5012893754062205,-0.7488621766310821,1.1402463605214614,-2.996153105624978
0.44,6.64716160366064,0.12076832794165071,37.11349084156162,550.8829408060086,0.17910364810568566,0.509500215123912,-0.7009446533789987,1.1905308927636606,-3.070628805544237
0.45,6.640392107063989,0.1259038300235466,35.51208693033432,544.8185937094165,0.18698963313788763,0.5174875712081097,-0.6528851675671632,1.2416844839916201,-3.1448185890872824
0.46,6.634103900309297,0.1311180793658129,34.019985922368946,540.4014776573433,0.19500607423670968,0.5252479401404497,-0.6135495518215794,1.2936905576777602,-3.198856538856348
0.47000000000000003,6.6281211160275575,0.1364087888263556,32.626017401649726,536.1714587075711,0.20315446517515828,0.5327779179666383,-0.5839276276232486,1.3465324004427517,-3.2506055870668202
0.48,6.622425347756832,0.14177363772514567,31.321762297566224,531.9546362191816,0.2114320798696378,0.5400742017895338,-0.5552061227659166,1.4001931650576365,-3.3021931928997503
0.49,6.617016993572239,0.14721027286214627,30.099843350334933,527.7517607094477,0.2198355957058032,0.5471335912179062,-0.5264478257283045,1.4546558725773762,-3.3536101747048894
0.5,6.611896391242266,0.1527163095495038,28.953622791260905,523.5635664895215,0.22836162641581212,0.5539529897702344,-0.4976587158826984,1.5099034135969227,-3.404847549093828
0.51,6.607063819254585,0.15828933265755096,27.87711554350511,519.3907725511643,0.23700672363120143,0.5605294062329305,-0.4688446727737716,1.5659185486237817,-3.4558965200919456
0.52,6.6025194977867905,0.1639268976741624,26.864914057169088,515.2340834531647,0.24576737836333643,0.566859955972386,-0.4400114816500267,1.6226839075638722,-3.50674846829419
0.53,6.598263589621585,0.16962653177699868,25.912123032368594,511.0941902066482,0.254640022408787,0.5729418622002547,-0.41116483903862466,1.6801819883203235,-3.5573949400343996
0.54,6.594296201006018,0.1753857349181675,25.014302573178604,506.9717711585114,0.26362102967750545,0.5787724571914538,-0.3823103583571186,1.7383951545076688,-3.6078276365775888
0.55,6.590617382454442,0.18120198092082776,24.167418552317677,502.86749287226206,0.27270671744220676,0.5843491834543219,-0.3534535755564061,1.7973056322866998,-3.6580384033439524
0.56,6.58722712949489,0.18707271858725394,23.367799161386024,498.7820110055744,0.281893347507878,0.5896695948524044,-0.32459995478912873,1.8568955063280244,-3.7080192191730665
0.5700000000000001,6.58412538335866,0.19299537281787585,22.61209678243435,494.7159711839035,0.29117712730087797,0.5947313576774221,-0.29575489409783273,1.9171467149151664,-3.757762185636297
0.58,6.581312031612933,0.19896734574080238,21.897254450022636,490.6700098695318,0.30055421087761663,0.5995322516729101,-0.26692373111782963,1.9780410442007894,-3.8072595164050878
0.59,6.578786908736303,0.20498601785133405,21.220476283836913,486.6447552254488,0.310020699853339,0.6040701710080878,-0.23811174878942687,2.0395601216324137,-3.8565035266824634
0.6,6.576549796637145,0.21104874916096414,20.5792013644628,482.6408279734865,0.3195726442520681,0.6083431252015548,-0.20932418107486583,2.1016854085667327,-3.9054866227048057
0.61,6.574600425114806,0.21715288035536515,19.971080602360036,478.6588422461548,0.3292060432792939,0.6123492399943808,-0.1805662186751711,2.164398192094409,-3.954201291320699
0.62,6.572938472263641,0.22329573396085176,19.39395621510337,474.6994064316433,0.3389168460195272,0.6160867581722087,-0.1518430147422034,2.227679576100003,-4.002640089653378
0.63,6.571563564819962,0.22947461551880932,18.84584348270912,470.763124011467,0.3487009520613555,0.6195540403360511,-0.12315969058116494,2.291510471584436,-4.050795634853171
0.64,6.570475278452018,0.23568681476757278,18.324914497107,466.85059439024917,0.3585542120531758,0.6227495656213485,-0.09452134133982604,2.355871586280234,-4.098660593946134
0.65,6.569673137993165,0.2419296068312363,17.829483660978223,462.9624137171457,0.3684724281932861,0.6256719323650974,-0.06593304167958891,2.4207434135925467,-4.146227673784935
0.66,6.569156617618426,0.24820025341487473,17.357994724435223,459.0991756984239,0.37845135465854723,0.6283198587206592,-0.037399851424346764,2.4861062209018536,-4.193489611107965
0.67,6.568925140964678,0.2544960040056495,16.909009176332084,455.2614724007121,0.38848669797632784,0.6306921832200246,-0.008926821183186107,2.5519400372670518,-4.240439162712567
0.68,6.5689780811947625,0.2608140970792752,16.481195831161738,451.4498950444394,0.39857411734496234,0.6327878652832547,0.01948100205750869,2.6182246405706064,-4.2870690957482855
0.6900000000000001,6.5693147610058285,0.2671517613113146,16.073321473175458,447.6650347869933,0.40870922490844636,0.6346059856749325,0.04781856937658979,2.6849395441503074,-4.333372178135901
0.7000000000000001,6.569934452582294,0.27350621679277387,15.684242437096513,443.9074834951089,0.4188875859915953,0.6361457469073739,0.07608082439931607,2.7520639829652107,-4.379341169118204
0.71,6.570836377493815,0.27987467624946205,15.312897020047867,440.17783450601036,0.42910471930237504,0.6374064735904128,0.10426269782097819,2.819576899346318,-4.4249688099483695
0.72,6.572019706538714,0.2862543462645821,14.958298632451422,436.47668337681193,0.4393560971085965,0.6383876127276505,0.13235910197799683,2.8874569283856335,-4.470247814721965
0.73,6.573483559533375,0.29264242850401506,14.619529607000613,432.80462862168383,0.449637145396637,0.639088733959034,0.1603649254696471,2.955682383020311,-4.515170861358635
0.74,6.575227005048107,0.2990361209437628,14.295735594624263,429.16227243627014,0.45994324402031056,0.6395095297496267,0.1882750278351608,3.024231238871777,-4.55973058273975
0.75,6.577249060090078,0.3054326190990076,13.986120484871408,426.65806292853597,0.4702697268484564,0.6396498155244817,0.21187726281008956,3.0930811189028278,-4.590366487704629
0.76,6.5794645503043085,0.31182911725425244,13.689591663158943,426.51882895655353,0.48061802807535775,0.6395095297496295,0.22228385564564412,3.162209277958977,-4.592069843082988
0.77,6.581694737202991,0.3182228096940002,13.404754604418713,426.3812084422548,0.4909970328761868,0.6390887339590368,0.22375028680725606,3.2315925872634823,-4.593753459802857
0.78,6.583939556040454,0.3246108919334332,13.13103154797403,426.24537665188933,0.5014030719510594,0.6383876127276505,0.2252096928535785,3.301207518938778,-4.59541519369852
0.79,6.586198931060062,0.3309905619485532,12.867881531330802,426.11150780918473,0.5118324189590915,0.6374064735904128,0.22666097477088698,3.371030130630254,-4.597052913358233
0.8,6.588472775535871,0.33735902140524143,12.614797659573174,425.97977503108865,0.5222812884783754,0.6361457469073767,0.22810303792266673,3.4410360503115727,-4.598664500910331
0.81,6.590760991818516,0.34371347688670073,12.371304609172498,425.8503502636577,0.5327458340110635,0.6346059856749353,0.2295347924733182,3.511200461353939,-4.600247852807556
0.8200000000000001,6.593063471385338,0.35005114111874014,12.136956343499936,425.72340421810094,0.5432221460462217,0.6327878652832575,0.23095515381106324,3.581498087944895,-4.601800880609475
0.8300000000000001,6.595380094894737,0.3563692341923659,11.911334019779014,425.59910630697834,0.5537062501935529,0.6306921832200191,0.2323630429703627,3.651903180945364,-4.603321511763029
0.84,6.597710732244745,0.3626649847831405,11.694044069371577,425.4776245805653,0.5641941054014942,0.6283198587206551,0.23375738705389004,3.7223895042766606,-4.604807690381017
0.85,6.600055242635815,0.368935631366779,11.48471643519509,425.3591256633874,0.5746816022735959,0.6256719323650989,0.23513711965370554,3.792930321932197,-4.6062573780185305
0.86,6.602413474637819,0.3751784234304425,11.283002951754446,425.2437746909324,0.5851645614974496,0.62274956562135,0.23650118127149788,3.8634983857112917,-4.607668554447189
0.87,6.604785266261245,0.381390622679206,11.088575854763244,425.1317352465496,0.5956387324007953,0.6195540403360539,0.23784851973798204,3.934065923775298,-4.60903921842711
0.88,6.607170445032579,0.3875695042371636,10.90112640865393,425.0231692985406,0.6060997916497357,0.6160867581722129,0.23917809063158657,4.004604630128538,-4.610367388476523
0.89,6.6095688280738765,0.39371235784265024,10.720363641451778,424.91823713745646,0.6165433421042789,0.6123492399943808,0.24048885769576422,4.075085655128929,-4.611651103638854
0.9,6.611980222186494,0.3998164890370512,10.546013177534368,424.8170973136051,0.6269649118466547,0.6083431252015548,0.2417797932552368,4.14547959713498,-4.612888424247257
0.91,6.614404423938981,0.40587922034668134,10.377816159729798,424.7199065747838,0.6373599533980564,0.6040701710080865,0.2430498786310853,4.215756495397647,-4.614077432686366
0.92,6.616841219759116,0.4118978924572129,10.21552825303864,424.6268198042452,0.6477238431395769,0.5995322516729101,0.2442981045543302,4.285885824306741,-4.6152162341512195
0.93,6.619290386030068,0.41786986538013954,10.058918723006814,424.5379899589107,0.6580518809532073,0.5947313576774221,0.24552347157809074,4.355836489102568,-4.616302957403131
0.9400000000000001,6.621751689190678,0.42379251961076136,9.90776958244093,424.4535680078426,0.6683392900987619,0.5896695948524017,0.24672499048823404,4.425576823163976,-4.6173357555224115
0.9500000000000001,6.6242248858398325,0.42966325727718757,9.76187480075197,424.3737028709897,0.6785812173425497,0.5843491834543191,0.24790168271224822,4.495074586984006,-4.61831280665774
0.96,6.6267097228449225,0.43547950327984775,9.621039570746579,424.2985413582195,0.6887727333534602,0.5787724571914565,0.24905258072629444,4.564296968943848,-4.619232314772031
0.97,6.629205937454358,0.4412387064210167,9.485079628163382,424.22822810865443,0.6989088333819278,0.5729418622002491,0.25017672846043837,4.633210587994775,-4.620092510384576
0.98,6.631713257414131,0.44693834052385273,9.353820619682146,424.1629055303254,0.7089844382369057,0.5668599559723847,0.25127318170166113,4.701781498355997,-4.620891651309314
0.99,6.634231401088392,0.4525759055404644,9.227097515520036,424.1027137401615,0.7189943955755937,0.5605294062329347,0.2523410084947386,4.769975196334173,-4.621628023388979
1.0,6.636760077584026,0.4581489286485114,9.104754063078117,424.0477905043347,0.7289334815201239,0.5539529897702289,0.2533792895409448,4.837756629367092,-4.6222999412249095
1.01,6.6392989868792105,0.463654965335869,8.986642278415077,423.99827117897615,0.7387964026148091,0.5471335912179076,0.25438711859404606,4.905090207390508,-4.622905748902312
1.02,6.641847819955907,0.4690916004728696,8.87262197260907,423.9542886512844,0.7485777981368021,0.5400742017895366,0.2553636028539419,4.971939816622312,-4.623443820710729
1.03,6.644406258936289,0.4744564493716597,8.762560310324695,423.91597328105,0.7582722427721679,0.532777917966637,0.25630786335741895,5.038268835853049,-4.62391256185941
1.04,6.646973977223055,0.4797471588322023,8.656331398134112,423.8834528426109,0.7678742496683783,0.525247940140447,0.2572190353658854,5.10404015532539,-4.624310409187423
1.05,6.649550639643607,0.48496140817446864,8.553815900351161,423.8568524672691,0.7773782738731403,0.5174875712081112,0.25809626875030744,5.169216198278184,-4.624635831868107
1.06,6.6521359025980615,0.49009691025636454,8.454900680327823,423.8362945861863,0.7867787161682114,0.509500215123912,0.25893872837281506,5.2337589452225695,-4.624887332107678
1.07,6.654729414211063,0.4951514124769469,8.359478465334885,423.8218988737874,0.7960699273055035,0.5012893754062192,0.25974559446502177,5.297629961008797,-4.625063445837617
1.08,6.657330814487362,0.5001226977644889,8.267447533305706,423.8137821916933,0.8052462126512528,0.49285865360071124,0.26051606300261376,5.3607904247324285,-4.62516274340058
1.09,6.659939735471116,0.5050085855489611,8.178711419864474,423.81205853321427,0.8143018372424093,0.48421174770059694,0.2612493460763421,5.423201162517855,-4.625183830229454
1.1,6.662555801408889,0.5098069327185009,8.093178644190264,423.8168389684261,0.8232310312576189,0.47535245052459096,0.2619446722591956,5.484822683205271,-4.625125347519286
1.11,6.6651786289162995,0.5145156345594529,8.010762452386306,423.8282315898619,0.8320279959032896,0.466284648053239,0.26260128696935503,5.545615216954664,-4.624985972891672
1.12,6.667807827148276,0.5191326256795656,7.931380577131821,423.84634145884576,0.8406869097132036,0.457012317724409,0.26321845282915035,5.605538756766794,-4.6247644210512995
1.1300000000000001,6.6704429979728825,0.5236558809139411,7.854955012492085,423.8712705525013,0.8492019352580097,0.44753952668862285,0.2637954500192663,5.664553102906812,-4.624459444434234
1.1400000000000001,6.673083736148661,0.5280834162133381,7.781411802852281,423.90311771146236,0.8575672262586898,0.43787043002510573,0.26433157662855145,5.722617910200983,-4.624069833847613
1.1500000000000001,6.675729629505454,0.5324132895144432,7.710680845022903,423.9419785883223,0.8657769350957522,0.4280092689192272,0.2648261489989867,5.779692738161133,-4.623594419100302
1.16,6.678380259128641,0.5366436015917226,7.642695702639727,423.98794559685086,0.8738252207034727,0.4179603688021616,0.2652785020655024,5.835737103874799,-4.623032069624169
1.17,6.681035199546764,0.5407724968904865,7.577393432050155,424.0411078620155,0.8817062568360172,0.40772813745363345,0.2656879896907771,5.89071053758205,-4.622381695085508
1.18,6.6836940189224565,0.5447981643407953,7.514714418941064,424.10155117083843,0.8894142406897066,0.39731706306846415,0.2660539849945298,5.944572640842251,-4.621642245986244
1.19,6.686356279246654,0.5487188381518557,7.454602225021138,424.1693579241286,0.8969434018630946,0.3867317122879854,0.2663758806770833,5.997283147176158,-4.6208127142544315
1.2,6.689021536535998,0.552532798586555,7.397003444123997,424.24460708911965,0.9042880116338998,0.3759767281968973,0.2666530893371988,6.0488019850504715,-4.619892133823668
1.21,6.691689341033398,0.5562383727157937,7.341867567147394,424.3273741530567,0.9114423925292056,0.36505682828666397,0.26688504378400424,6.099089343053663,-4.618879581200907
1.22,6.694359237411678,0.5598339351522883,7.289146855288781,424.41773107776316,0.9184009281627323,0.35397680238631324,0.2670711973423501,6.148105737093647,-4.617774176022277
1.23,6.697030764980245,0.56331790876352,7.238796221079089,424.5157462552299,0.9251580733104153,0.3427415105613951,0.26721102415194764,6.1958120794297,-4.616575081596386
1.24,6.699703457894717,0.5666887653635162,7.190773116754865,424.6214844642648,0.9317083641930057,0.3313558809822259,0.26730401945971316,6.242169749333311,-4.615281505434669
1.25,6.7023768453694395,0.5699450263831645,7.145037429544143,424.73500682824067,0.9380464289320112,0.3198249077622395,0.26734969990509505,6.287140665155401,-4.613892699768285
1.26,6.705050451892819,0.573085263518761,7.101551383474201,424.8563707739815,0.9441669981429598,0.3081536487674008,0.26734760379856226,6.330687357560739,-4.612407962051095
1.27,6.707723797445411,0.5761080993585125,7.060279447339439,424.9856299918292,0.950064915627825,0.2963472233976472,0.26729729139236547,6.372773043674727,-4.610826635448194
1.28,6.710396397720666,0.5790122079867139,7.021188248495616,425.1228343969293,0.9557351491264259,0.28441081034133453,0.26719834514388197,6.413361701872992,-4.609148109309536
1.29,6.713067764348288,0.5817963155653392,6.984246492172578,425.2680300917776,0.9611728010848118,0.2723496453037433,0.267050369971189,6.4524181469308,-4.607371819628124
1.3,6.71573740512009,0.5844592008927888,6.949424886021639,425.42125933006935,0.9663731193970314,0.2601690187104877,0.2668529935005104,6.489908105237227,-4.6054972494822755
1.31,6.7184048242182985,0.5869996959395489,6.916696069636201,425.58256048189344,0.9713315080753098,0.2478742733869499,0.26660586630540273,6.525798289768396,-4.603523929461429
1.32,6.721069522446198,0.5894166863605278,6.886034548804838,425.75196800031046,0.9760435378025701,0.23547080221478778,0.26630866213750437,6.5600564745054175,-4.601451438075013
1.33,6.723730997461049,0.5917091119838447,6.857416634275603,425.929512389361,0.9805049563203801,0.2229640457663884,0.2659610781484911,6.5926515679755315,-4.599279402143833
1.34,6.726388744009168,0.5938759672758556,6.83082038482828,426.11522017354235,0.9847116986048907,0.21035948991848796,0.26556283510301704,6.623553685590085,-4.597007497173483
1.35,6.729042254163109,0.5959163017822144,6.806225554468234,426.30911386879933,0.9886598967831068,0.1976626634458689,0.26511367758268456,6.652734220450064,-4.594635447709237
1.36,6.731691017560822,0.5978292205447729,6.783613543571368,426.51121195506755,0.9923458897419426,0.18487913559624425,0.264613374180378,6.680165912289237,-4.592163027671946
1.37,6.7343345216467165,0.5996138844941393,6.762967353824451,426.7215288504158,0.9957662323829579,0.1720145136474338,0.26406171768509346,6.70582291422664,-4.589590060674377
1.3800000000000001,6.736972251914524,0.6012695108177216,6.744271546819115,426.94007488682416,0.9989177044764703,0.15907444044780394,0.26345852525690994,6.729680857004133,-4.5869164203175385
1.3900000000000001,6.739603692151855,0.6027953733030954,6.7275122061709185,427.1668562876448,1.0017973190698704,0.1460645919411363,0.2628036385919241,6.751716910391128,-4.584142030466415
1.4000000000000001,6.742228324686362,0.6041908026565443,6.712676903047304,427.4018751467826,1.0044023304064646,0.1329906746769638,0.262096924076749,6.771909841447456,-4.5812668655046735
1.41,6.74484563063339,0.6054551867966347,6.699754665000003,427.64512940963886,1.006730241313006,0.11985842330749508,0.2613382729326208,6.790240069346526,-4.578290950567784
1.42,6.7474550901450145,0.6065879711226942,6.688735948008636,427.8966128558589,1.0087788100162423,0.1066735980721989,0.2605276013488478,6.806689716474525,-4.5752143617540915
1.43,6.750056182660367,0.6075886587580787,6.679612611652882,428.1563150839209,1.0105460563513209,0.09344198227120293,0.25966485060515687,6.821242655537285,-4.572037226313345
1.44,6.752648387157118,0.6084568107681183,6.672377897340728,428.4242214976091,1.0120302673276915,0.08016937972849525,0.2587499871831156,6.833884552424523,-4.568759722812187
1.45,6.755231182404029,0.6091920463526486,6.66702640953012,428.7003132944076,1.0132300020212648,0.06686161224621068,0.25778300286609657,6.844602904601345,-4.565382081276134
1.46,6.75780404721444,0.6097940430130425,6.6635540998906135,428.98456745585327,1.0141440957649572,0.053524517051006804,0.2567639148277401,6.853387074819056,-4.561904583307603
1.47,6.760366460700584,0.6102625366936687,6.661958254360871,429.27695673988524,1.014771663613367,0.04016394423361214,0.2556927657087371,6.8602283199611405,-4.558327562179504
1.48,6.762917902528614,0.6105973218977148,6.662237483066481,429.577449675229,1.0151121030611765,0.026785754182850896,0.25456962368162195,6.865119814865902,-4.554651402903941
1.49,6.765457853174216,0.6107982517773257,6.664391713071329,429.8860105578453,1.015165095998883,0.013395815015027068,0.2533945825035744,6.868056670994,-4.5508765422756605
1.5,6.767985794178686,0.6108652381980153,6.668422183944133,430.20259944948486,1.0149306098936381,0.0,0.2521677615569651,6.869035949837253,-4.547003468889727
1.51,6.7705012084053555,0.6107982517773257,6.674331446130029,430.52717217837744,1.0144088981872617,-0.013395815015027068,0.2508893058775108,6.868056670994,-4.5430327231330985
1.52,6.773003580296236,0.6105973218977148,6.682123362125427,430.85968034208895,1.013600499907847,-0.026785754182850896,0.24955938616972873,6.865119814865902,-4.538964897149669
1.53,6.77549239612875,0.6102625366936687,6.691803110462444,431.20007131257665,1.012506238495789,-0.04016394423361214,0.248178198809601,6.860228319961141,-4.534800634778427
1.54,6.777967144272428,0.6097940430130425,6.703377192517536,431.54828824347237,1.011127219849444,-0.053524517051006804,0.24674596583458275,6.853387074819056,-4.530540631464353
1.55,6.780427315445442,0.6091920463526486,6.716853442167129,431.90427007962194,1.0094648296000042,-0.06686161224621068,0.24526293492046491,6.844602904601346,-4.526185634141718
1.56,6.782872402970837,0.6084568107681183,6.732241038321449,432.2679515689063,1.0075207296294328,-0.0801693797284897,0.2437293793450479,6.833884552424523,-4.5217364410894625
1.57,6.785301903032343,0.6075886587580788,6.7495505203762445,432.6392632763703,1.0052968538494775,-0.09344198227120293,0.24214559793858115,6.8212426555372865,-4.517193901758356
1.58,6.787715314929609,0.6065879711226942,6.768793806630748,433.0181316006814,1.002795403263773,-0.10667359807220445,0.24051191502070246,6.806689716474525,-4.5125589165696365
1.59,6.790112141332757,0.6054551867966347,6.78998421572915,433.40447879294044,1.000018840338879,-0.11985842330749508,0.2388286803240991,6.790240069346526,-4.5078324366848905
1.6,6.792491888536091,0.6041908026565443,6.813136491192104,433.7982229778645,0.9969698827136808,-0.13299067467696934,0.23709626890431323,6.771909841447456,-4.503015463746903
1.61,6.794854066710843,0.6027953733030953,6.8382668291141755,434.1992781773586,0.9936514962799491,-0.1460645919411363,0.23531508103600274,6.751716910391126,-4.498109049591288
1.62,6.797198190156811,0.6012695108177216,6.865392909113202,434.6075543364945,0.9900668876699149,-0.1590744404477984,0.23348554209556838,6.729680857004133,-4.493114295928672
1.6300000000000001,6.799523777552754,0.5996138844941393,6.894533928627794,435.0229573519073,0.9862194961895053,-0.1720145136474338,0.2316081024296146,6.70582291422664,-4.488032353997293
1.6400000000000001,6.801830352205403,0.5978292205447729,6.925710640670014,435.4453891026256,0.9821129852383457,-0.18487913559624425,0.2296832372098212,6.680165912289237,-4.482864424185837
1.6500000000000001,6.804117442296951,0.5959163017822144,6.9589453951517735,435.8747474833424,0.9777512332597567,-0.1976626634458689,0.2277114462737817,6.652734220450064,-4.477611755626401
1.6600000000000001,6.806384581130879,0.5938759672758556,6.994262183915394,436.31092644013546,0.9731383242657711,-0.21035948991848796,0.2256932539517642,6.623553685590085,-4.4722756457575095
1.67,6.808631307375986,0.5917091119838447,7.031686689611576,436.7538160086435,0.9682785379836212,-0.22296404576638285,0.2236292088797942,6.5926515679755315,-4.466857439857067
1.68,6.810857165308475,0.5894166863605279,7.071246338581421,437.20330235469993,0.9631763396712348,-0.23547080221478778,0.2215198837984822,6.560056474505419,-4.461358530545261
1.69,6.813061705051956,0.5869996959395489,7.112970357913538,437.65926781742684,0.9578363696499989,-0.24787427338695545,0.21936587533777363,6.525798289768396,-4.455780357257352
1.7,6.81524448281523,0.5844592008927888,7.156889836862432,438.1215909547872,0.9522634326034312,-0.2601690187104877,0.2171678037879765,6.489908105237227,-4.4501244056864095
1.71,6.817405061127715,0.5817963155653392,7.203037792830793,438.5901465915911,0.9464624866904212,-0.2723496453037433,0.21492631285666697,6.4524181469308,-4.4443922071960085
1.72,6.819543009072364,0.5790122079867139,7.2514492421355,439.06480586995093,0.9404386325214154,-0.28441081034133453,0.21264206941169483,6.413361701872992,-4.438585338202972
1.73,6.821657902515949,0.5761080993585125,7.302161275796015,439.5454363021773,0.9341971020452865,-0.2963472233976472,0.21031576321028922,6.372773043674727,-4.432705419530257
1.74,6.823749324336569,0.573085263518761,7.355213140603594,440.0319018261024,0.927743247393724,-0.3081536487674008,0.20794810661435292,6.330687357560739,-4.4267541157301435
1.75,6.825816864648236,0.5699450263831645,7.410646325751431,440.5240628628206,0.9210825297287556,-0.3198249077622395,0.20553983429199008,6.287140665155401,-4.420733134377846
1.76,6.827860121022409,0.5666887653635162,7.468504655328753,441.02177637682746,0.9142205081375632,-0.3313558809822259,0.20309170290535583,6.242169749333311,-4.414644225335787
1.77,6.829878698706343,0.56331790876352,7.528834387006836,441.5248959385401,0.9071628286170378,-0.3427415105613951,0.20060449078509457,6.1958120794297,-4.408489179988744
1.78,6.831872210838111,0.5598339351522883,7.591684317271703,442.0332717891774,0.8999152131885993,-0.35397680238631324,0.19807899759101133,6.148105737093647,-4.402269830450113
1.79,6.833840278658164,0.5562383727157937,7.657105893587135,442.5467509079758,0.8924834491816993,-0.36505682828666397,0.19551604395964262,6.099089343053663,-4.395988048739607
1.8,6.835782531717304,0.552532798586555,7.72515333390295,443.06517708171583,0.8848733787221396,-0.3759767281968973,0.19291647113868216,6.0488019850504715,-4.389645745932692
1.81,6.837698608080937,0.5487188381518557,7.795883753957212,443.58839097652833,0.8770908884589387,-0.38673171228799097,0.19028114060803958,5.997283147176158,-4.38324487128212
1.82,6.839588154529465,0.5447981643407952,7.869357302857654,444.1162302119508,0.869141899560941,-0.39731706306846415,0.1876109336884202,5.94457264084225,-4.37678741131194
1.83,6.841450826754706,0.5407724968904865,7.945637307467292,444.64852943719904,0.8610323580117514,-0.4077281374536279,0.1849067511368485,5.89071053758205,-4.370275388884416
1.84,6.843286289552202,0.5366436015917226,8.02479042616205,445.18512040961656,0.8527682252289152,-0.41796036880216714,0.18216951272984616,5.835737103874799,-4.363710862240289
1.85,6.8450942170093025,0.5324132895144431,8.10688681257504,445.7258320752648,0.8443554690305407,-0.42800926891923274,0.17940015683421962,5.779692738161131,-4.357095924012861
1.86,6.846874292688886,0.528083416213338,8.192000289992716,446.27049065160975,0.8358000549698436,-0.43787043002510573,0.17659963996576877,5.722617910200979,-4.350432700216419
1.87,6.848626209808618,0.523655880913941,8.280208537123356,446.81891971226355,0.8271079380553757,-0.4475395266886173,0.17376893633613832,5.66455310290681,-4.343723349209534
1.8800000000000001,6.850349671415609,0.5191326256795656,8.371593286018243,447.3709402737308,0.8182850548720124,-0.4570123177244034,0.17090903738785634,5.605538756766794,-4.336970060633822
1.8900000000000001,6.852044390556375,0.5145156345594529,8.466240532991328,447.9263708841142,0.8093373161151354,-0.466284648053239,0.16802095131822625,5.5456152169546655,-4.330175054328744
1.9000000000000001,6.853710090441973,0.5098069327185009,8.564240763454437,448.4850277137251,0.8002705995478681,-0.47535245052460207,0.16510570259171686,5.484822683205271,-4.323340579223094
1.9100000000000001,6.855346504608209,0.5050085855489609,8.665689191662784,449.0467246475467,0.7910907433887318,-0.48421174770058584,0.16216433144191633,5.423201162517852,-4.316468912203831
1.92,6.856953377070812,0.5001226977644891,8.770686016450565,449.6112733794912,0.781803540134683,-0.49285865360069736,0.15919789336265033,5.36079042473243,-4.309562356962955
1.93,6.858530462475462,0.49515141247694694,8.879336694129243,450.17848350839614,0.7724147308221933,-0.5012893754062331,0.15620745858870855,5.297629961008797,-4.302623242823111
1.94,6.860077526242586,0.4900969102563645,8.99175222982252,450.74816263569517,0.7629299997268709,-0.5095002151239092,0.1531941115668456,5.233758945222569,-4.295653923542713
1.95,6.861594344706799,0.48496140817446876,9.108049488623578,451.32011646470244,0.7533549695000321,-0.5174875712080973,0.15015895041696758,5.169216198278184,-4.288656776101315
1.96,6.863080705250925,0.47974715883220254,9.228351528081719,451.8941489014445,0.7436951967387334,-0.5252479401404525,0.14710308638399283,5.104040155325393,-4.2816341994660645
1.97,6.864536406434479,0.4744564493716597,9.352787953659485,452.4700621569731,0.7339561679839622,-0.5327779179666509,0.14402764328083073,5.038268835853049,-4.274588613340025
1.98,6.865961258116542,0.4690916004728695,9.481495298948092,453.04765685109004,0.7241432961400376,-0.5400742017895338,0.14093375692261212,4.971939816622312,-4.267522456893237
1.99,6.867355081572931,0.46365496533586903,9.614617432590466,453.6267321174118,0.7142619173067462,-0.5471335912178965,0.13782257455257074,4.905090207390509,-4.260438187477377
2.0,6.868717709607593,0.4581489286485116,9.75230599403866,454.2070857097015,0.70431728801437,-0.5539529897702372,0.13469525426006435,4.837756629367095,-4.2533382793249235
2.0100000000000002,6.870048986658133,0.4525759055404643,9.89472086046795,454.78851410939455,0.694314582850519,-0.5605294062329319,0.13155296439117947,4.769975196334172,-4.246225222233708
2.02,6.871348768895417,0.44693834052385295,10.042030647385392,455.37081263423954,0.6842588924665836,-0.5668599559723847,0.1283968829520976,4.701781498356,-4.23910152023783
2.0300000000000002,6.872616924317175,0.4412387064210166,10.194413245708517,455.95377554797955,0.6741552219506405,-0.5729418622002547,0.12522819700548915,4.633210587994773,-4.231969690265846
2.04,6.873853332835527,0.43547950327984786,10.352056398352055,456.5371961709914,0.6640084895528368,-0.5787724571914399,0.12204810206086769,4.56429696894385,-4.224832260787226
2.05,6.875057886358392,0.4296632572771878,10.515158319651453,457.1208669918037,0.6538235257485195,-0.5843491834543219,0.11885780145881597,4.495074586984009,-4.217691770448078
2.06,6.876230488864703,0.4237925196107614,10.683928361272647,457.7045797794113,0.6436050726238323,-0.5896695948524072,0.11565850574970504,4.4255768231639765,-4.210550766697113
2.07,6.877371056473386,0.41786986538013965,10.85858772861391,458.2881256963033,0.6333577835679812,-0.5947313576774221,0.11245143206730646,4.355836489102569,-4.203411804402891
2.08,6.878479517506049,0.411897892457213,11.039370252100309,458.87129541211937,0.6230862232560209,-0.5995322516729101,0.10923780349756385,4.2858858243067415,-4.196277444463375
2.09,6.879555812543337,0.40587922034668145,11.226523218209408,459.45387921784953,0.6127948679057382,-0.6040701710080892,0.10601884844341214,4.215756495397648,-4.189150252408834
2.1,6.880599894474917,0.3998164890370512,11.420308265554523,460.0356671404922,0.602488105792022,-0.6083431252015548,0.10279579998555555,4.14547959713498,-4.182032796999154
2.11,6.8816117285430485,0.39371235784265035,11.621002351893619,460.6164490580806,0.5921702380020346,-0.6123492399943781,0.09956989523987048,4.07508565512893,-4.174927648816621
2.12,6.882591292379715,0.38756950423716363,11.828898798536473,461.1960148149933,0.5818454794144711,-0.6160867581722129,0.09634237471187745,4.004604630128539,-4.167837378855247
2.13,6.883538576037286,0.3813906226792061,12.04430841929628,461.77415433745824,0.5715179598862742,-0.6195540403360539,0.09311448164885938,3.934065923775299,-4.160764557107716
2.14,6.884453582012692,0.37517842343044255,12.26756074188486,462.35065774916296,0.561191725630284,-0.6227495656213472,0.08988746138984816,3.8634983857112926,-4.1537117511510395
2.15,6.885336325265083,0.36893563136677915,12.499005330491892,462.9253154868808,0.5508707407675066,-0.6256719323650989,0.08666256071405698,3.792930321932199,-4.146681524732011
2.16,6.886186833226973,0.3626649847831406,12.73901321923138,463.497918416025,0.5405588890379107,-0.6283198587206607,0.08344102718811364,3.722389504276661,-4.139676436353544
2.17,6.887005145808845,0.35636923419236594,12.987978467194505,464.06825794604106,0.53025997565397,-0.6306921832200219,0.08022410851271644,3.6519031809453644,-4.132699037862994
2.18,6.887791315397227,0.35005114111874014,13.246319847034748,464.63612614554665,0.5199777292814722,-0.6327878652832519,0.07701305186920138,3.581498087944895,-4.125751873043557
2.19,6.888545406846229,0.3437134768867009,13.514482680343598,465.201315857133,0.5097158041325109,-0.6346059856749353,0.07380910326606482,3.511200461353941,-4.118837476209822
2.2,6.889267497462549,0.33735902140524143,13.792940834576955,465.7636208117352,0.49947778215593647,-0.6361457469073795,0.0706135068865077,3.4410360503115727,-4.111958370808589
2.21,6.8899576769839594,0.3309905619485533,14.082198897983394,466.3228357424864,0.4892671753109962,-0.6374064735904128,0.06742750443695655,3.3710301306302553,-4.105117068026005
2.22,6.890616047551288,0.3246108919334332,14.382794550896536,466.8787564979629,0.4790874279102992,-0.6383876127276533,0.06425233449736112,3.301207518938778,-4.09831606540215
2.23,6.891242723673907,0.31822280969400024,14.69530115391263,467.4311801547404,0.4689419190187273,-0.6390887339590368,0.061089231873445726,3.2315925872634828,-4.091557845454052
2.24,6.891837832188757,0.31182911725425244,15.020330575920978,467.979905129165,0.4588339648953552,-0.6395095297496267,0.05793942695153653,3.162209277958977,-4.0848448743083035
2.25,6.892401512212937,0.3054326190990077,15.358536287727924,468.5247312882615,0.44876682146593866,-0.6396498155244845,0.05480414505654174,3.0930811189028287,-4.0781796003442405
2.2600000000000002,6.892933915089888,0.29903612094376275,15.710616750166727,471.6374293053014,0.4387436868139971,-0.6395095297496295,0.04194448823424679,3.0242312388717765,-4.040099591327469
2.27,6.893240401977622,0.2926424285040151,16.076410480513417,475.9349346135268,0.42877982061562037,-0.6390887339590395,0.014811294362804261,2.9556823830203123,-3.9875249310196015
2.2800000000000002,6.893230140977144,0.28625434626458196,16.456218380040795,480.1853336356074,0.418883001050698,-0.6383876127276505,-0.016762259192226736,2.8874569283856317,-3.9355265578399172
2.29,6.892905156793778,0.2798746762494621,16.850805350110974,484.38587414146656,0.40905493913075097,-0.6374064735904128,-0.04812289428111072,2.8195768993463184,-3.8841381419181746
2.3000000000000003,6.8922676830915215,0.2735062167927737,17.26099178995298,488.5338554819108,0.39929731541285307,-0.6361457469073767,-0.0792498438851208,2.7520639829652094,-3.8333927223558466
2.31,6.891320159916075,0.2671517613113146,17.687658424165672,492.62663208528886,0.3896117843671633,-0.6346059856749214,-0.11012261184597527,2.6849395441503074,-3.7833226644488223
2.32,6.890065230854602,0.2608140970792753,18.13175162658517,496.6616168298224,0.3799999786425619,-0.6327878652832547,-0.14072099884394618,2.6182246405706073,-3.733959618431114
2.33,6.8885057399391965,0.2544960040056495,18.59428929999174,500.6362842837687,0.37046351322189314,-0.6306921832200232,-0.17102512764783917,2.5519400372670513,-3.6853344798354724
2.34,6.886644728301645,0.2482002534148748,19.07636737928307,504.5481738060686,0.36100398945873413,-0.6283198587206592,-0.2010154675788467,2.486106220901854,-3.6374773515608014
2.35,6.8844854305876195,0.2419296068312363,19.579167035152285,508.39489250065856,0.35162299898801963,-0.6256719323650974,-0.23067285813302973,2.4207434135925467,-3.590417507729799
2.36,6.882031271138985,0.23568681476757286,20.103962666198157,512.1741180181608,0.342322127503256,-0.6227495656213485,-0.2599785317106029,2.3558715862802346,-3.544183359413749
2.37,6.8792858599534075,0.22947461551880932,20.65213078002341,515.8836011992394,0.33310295839341036,-0.6195540403360524,-0.2889141354034841,2.291510471584436,-3.4988024222943284
2.38,6.876252988430915,0.2232957339608518,21.225159878550908,519.5211685544763,0.32396707623294346,-0.6160867581722129,-0.3174617517966105,2.2276795761000034,-3.454301286325391
2.39,6.872936624917475,0.21715288035536506,21.824661479883357,523.0847245762315,0.31491607011877504,-0.6123492399943808,-0.3456039187412774,2.1643981920944086,-3.4107055874502223
2.4,6.869340910056089,0.2110487491609642,22.452382428990873,526.5722538785406,0.30595153684832516,-0.6083431252015533,-0.3733236480634172,2.101685408566733,-3.368039981422536
2.41,6.865470151956207,0.204986017851334,23.11021867287548,529.9818231617276,0.2970750839330753,-0.6040701710080865,-0.40060444317369104,2.0395601216324133,-3.326328119771871
2.42,6.861328821192616,0.19896734574080246,23.800230703276345,533.3115829990124,0.28828833244242813,-0.5995322516729129,-0.42743031554941524,1.97804104420079,-3.2855926279466563
2.43,6.856921545645219,0.19299537281787574,24.524660902237816,536.5597694430311,0.27959291967292976,-0.5947313576774262,-0.4537858000631001,1.9171467149151649,-3.245855085660427
2.44,6.8522531051913536,0.18707271858725394,25.285953063914704,539.7247054507752,0.2709905016382446,-0.5896695948524058,-0.4796559691362834,1.8568955063280244,-3.2071360094594494
2.45,6.847328426262493,0.18120198092082762,26.086774411010893,542.8048021260952,0.2624827553755486,-0.5843491834543219,-0.5050264457015174,1.797305632286698,-3.1694548375222333
2.46,6.842152576277323,0.1753857349181675,26.93004047765935,545.7985597794936,0.2540713810643338,-0.5787724571914538,-0.5298834149591869,1.738395154507669,-3.1328299166942712
2.47,6.836730757963309,0.16962653177699855,27.818943294118053,548.7045688055405,0.24575810395389264,-0.5729418622002547,-0.5542136349201421,1.6801819883203222,-3.0972784917539493
2.48,6.83106830357892,0.1639268976741624,28.756983384531296,551.5215103788119,0.23754467609608276,-0.5668599559723833,-0.578004445728908,1.6226839075638722,-3.062816696898597
2.49,6.825170669048731,0.15828933265755088,29.748006179876263,554.248156969831,0.22943287788025868,-0.5605294062329305,-0.6012437777665802,1.5659185486237808,-3.029459549432586
2.5,6.819043428023589,0.1527163095495038,30.79624355739417,556.8833726830171,0.22142451936760119,-0.5539529897702372,-0.6239201585360288,1.5099034135969227,-2.9972209456329497
2.5100000000000002,6.8126922658780105,0.14721027286214614,31.90636134945058,559.4261134191926,0.21352144142238028,-0.5471335912178951,-0.646022718335626,1.4546558725773748,-2.9661136587613006
2.52,6.806122973656876,0.1417736377251459,33.08351382406086,561.8754268656866,0.20572551663804658,-0.540074201789524,-0.6675411947323795,1.400193165057639,-2.936149339184907
2.5300000000000002,6.799341441983363,0.13640878882635565,34.33340633279318,564.2304523175625,0.19803865005637514,-0.5327779179666509,-0.6884659358474376,1.3465324004427524,-2.907338516563751
2.54,6.7923536549399275,0.13111807936581288,35.662367557657966,566.4904203339447,0.19046277967827657,-0.5252479401404622,-0.708787902471375,1.29369055767776,-2.879690604054946
2.5500000000000003,6.785165683933935,0.1259038300235464,37.07743307739154,568.8337885410012,0.18299987676523596,-0.5174875712081097,-0.7294694323826789,1.2416844839916183,-2.851022393401094
2.56,6.777764266292274,0.12076832794165068,38.58622126368282,572.742971957917,0.17565244909512492,-0.5095002151238883,-0.7595239744103033,1.1905308927636604,-2.803198370977637
2.57,6.769975204445729,0.11571382572106864,40.19531730655959,576.4839646179487,0.16842696259399645,-0.5012893754062205,-0.7976984721094205,1.1402463605214643,-2.7574319543686934
2.58,6.7618102968500855,0.11074254043352627,41.91427849078956,580.0556666295404,0.16132474517808906,-0.4928586536007182,-0.8346843328831621,1.0908473230819187,-2.713736599386595
2.59,6.753281517788066,0.10585665264905428,43.7538333175346,583.4571987631851,0.15434719670794306,-0.48421174770058306,-0.8704647967257451,1.042350070850151,-2.672123062316523
2.6,6.744401000915571,0.10105830547951461,45.72605815742128,586.6878991147437,0.14749578845603956,-0.47535245052459096,-0.9050247433915803,0.9947707432937445,-2.632599440736673
2.61,6.7351810229202345,0.09634960363856246,47.84458586814147,589.7473192954226,0.1407720623077861,-0.46628464805324454,-0.9383506792768337,0.9481253226127458,-2.5951712201291577
2.62,6.725633987330034,0.09173261251844972,50.12485317056506,592.6352201756118,0.1341776296968695,-0.45701231772439926,-0.9704307206106488,0.9024296266286492,-2.55984132594889
2.63,6.7157724085080215,0.08720935728407447,52.58439524735769,595.3515672107528,0.1277141702765039,-0.44753952668862906,-1.0012545731247435,0.85769930091844,-2.5266101808058044
2.64,6.705608895867539,0.08278182198467714,55.24319816726682,597.8965253782033,0.12138343032863737,-0.4378704300251064,-1.0308135083785253,0.8139498102226284,-2.4954757664060483
2.65,6.695156138340451,0.07845194868357235,58.12412249580021,600.2704537546888,0.11518722091373015,-0.42800926891923136,-1.0591003369244678,0.771196429158938,-2.4664336898901564
2.66,6.68442688912905,0.07422163660629251,61.253415031536576,602.4738997643597,0.10912741576428914,-0.4179603688021789,-1.0861093785049736,0.7294542322759797,-2.439477254200957
2.67,6.6734339507703515,0.07009274130752877,64.66133028394383,604.5075931277161,0.10320594892597569,-0.40772813745362163,-1.1118364294765204,0.6887380834840771,-2.4145975321109847
2.68,6.662190160539519,0.06606707385722008,68.38288946592988,606.3724395417756,0.09742481215068859,-0.3973170630684638,-1.1362787276606667,0.6490626249027285,-2.391783443537814
2.69,6.650708376217138,0.06214640004615949,72.4588129450505,608.0695141217593,0.09178605204670874,-0.3867317122879865,-1.159434914824642,0.6104422651669481,-2.371021835776914
2.7,6.6390014622430265,0.05833243961146035,76.93667303031668,609.6000546343598,0.0862917669916263,-0.3759767281968869,-1.181304996995003,0.5728911672369416,-2.3522975662842422
2.71,6.627082276277238,0.05462686548222175,81.87232873031094,610.9654545522822,0.0809441038144521,-0.36505682828667474,-1.201890302808728,0.5364232357579003,-2.335593587645342
2.72,6.614963656186852,0.05103130304572685,87.33172422927284,612.1672559592308,0.07574525425400422,-0.3539768023863139,-1.2211934401057167,0.5010521040188705,-2.3208910343740503
2.73,6.602658407475124,0.047547329434495474,93.39316050689021,613.2071423338967,0.07069745120134363,-0.3427415105613916,-1.2392182509640914,0.4667911205616138,-2.3081693111914867
2.74,6.59017929116757,0.04417647283449902,100.15018803082238,614.0869312407503,0.06580296473471789,-0.3313558809822245,-1.255969765378273,0.4336533354921677,-2.2974061824451586
2.75,6.577539012167558,0.04092021181485098,107.71532262520923,614.8085669545821,0.061064097956182325,-0.3198249077622364,-1.2714541537758972,0.40165148654961047,-2.2885778623385806
2.7600000000000002,6.564750208092052,0.03777997467925429,116.22486377876447,615.3741130448201,0.05648318263971588,-0.30815364876741297,-1.2856786785653718,0.3707979849877762,-2.2816591056529765
2.77,6.551825438596251,0.034757138839502724,125.84520600794285,615.7857449445879,0.05206257470135752,-0.29634722339764547,-1.2986516449014385,0.3411049013271718,-2.276623298655658
2.7800000000000002,6.538777175194023,0.031853030211301384,136.78119687606363,616.0457425284116,0.04780464950250989,-0.28441081034132865,-1.3103823508501922,0.31258395103516207,-2.273442549902601
2.79,6.525617791579247,0.02906892263267615,149.28733750859143,616.1564827212935,0.043711796998212926,-0.27234964530374517,-1.3208810371289736,0.2852464801934386,-2.272087780657278
2.8000000000000003,6.512359554451444,0.02640603730522648,163.68298750180088,616.1204321606842,0.03978641674278943,-0.26016901871048476,-1.3301588365899786,0.25910345121229167,-2.2725288146623583
2.81,6.4990146148474475,0.023865542258466457,180.37329936887667,615.9401399316268,0.03603091276584393,-0.24787427338694487,-1.3382277236093643,0.23416542865151319,-2.2747344670162244
2.82,6.485594999979257,0.021448551837487582,199.87849160754936,615.6182303940703,0.03244768833213617,-0.235470802214789,-1.3451004635363084,0.2104425652077876,-2.278672631921921
2.83,6.472112605576721,0.019156126214170677,222.8754870837773,615.1573961200525,0.02903914059936031,-0.22296404576639117,-1.3507905623482142,0.1879445879282346,-2.284310369091981
2.84,6.458579188732292,0.01698927092215976,250.2582718811716,614.5603909571366,0.025807655188312715,-0.2103594899184943,-1.355312216650617,0.16668078470921546,-2.291613988608696
2.85,6.445006361243709,0.01494893641580079,283.22725696322385,613.6823581065765,0.02275560068034191,-0.19766266344586814,-1.3580358324292163,0.14665999113872527,-2.302355634178974
2.86,6.431418472083708,0.013036017653242396,323.4260435296537,611.0974552267218,0.01988528320692899,-0.184879135596238,-1.352089661521516,0.12789057773965906,-2.3339787227129385
2.87,6.417964568013279,0.01125135370387603,373.1663876845593,608.5434161349975,0.017198667350068083,-0.17201451364743545,-1.3387693778343923,0.11038043766978378,-2.3652242309857052
2.88,6.40464308452702,0.009595727380293687,435.7422051165588,606.0197849670335,0.014698239026017254,-0.15907444044780558,-1.3256044182428095,0.09413697493270658,-2.396097735933822
2.89,6.3914524796484224,0.008069864894919919,516.0056176513197,603.5261141431315,0.012386400963501364,-0.1460645919411346,-1.3125925498431723,0.0791670931520904,-2.4266047131411232
2.9,6.378391233530157,0.006674435541470995,621.344285850267,601.061964188606,0.010265470172952127,-0.1329906746769638,-1.2997315792784736,0.06547718495922315,-2.4567505390366406
2.91,6.365457848062853,0.005410051401380643,763.457133419623,598.626903558638,0.008337675514997346,-0.1198584233074943,-1.2870193519000317,0.05307312204154135,-2.4865404930373014
2.92,6.352650846492156,0.004277267075321109,961.7715986824695,596.2205084675097,0.006605155377009104,-0.10667359807220561,-1.2744537509497,0.0419602458969691,-2.5159797596370286
2.93,6.339968773043859,0.0032765794399365307,1250.497921610574,593.8423627221022,0.005069955466122104,-0.09344198227120452,-1.2620326967621942,0.032143359335937156,-2.5450734304436926
2.94,6.327410192556912,0.0024084274298970185,1694.5272906933628,591.4920575595287,0.003734026726691358,-0.08016937972849185,-1.2497541459870476,0.023626718769746816,-2.5738265061654664
2.95,6.314973690124118,0.0016731918453666938,2429.5617357263304,589.1691914887919,0.002599223389660532,-0.06686161224621395,-1.2376160908293077,0.016414027320461485,-2.6022438985479526
2.96,6.302657870740326,0.0010711951849727394,3780.1556305366657,586.8733701363509,0.0016673011607846269,-0.05352451705100303,-1.2256165583088396,0.010508428783913712,-2.6303304322634804
2.97,6.290461358957941,0.0006027015043466331,6692.581404506871,584.6042060954856,0.0009399155540673533,-0.04016394423361189,-1.2137536095376156,0.005912502473544229,-2.6580908467539484
2.98,6.278382798549574,0.00026791630030050163,14997.79551123567,582.3613187793569,0.00041862037616435647,-0.026785754182850032,-1.20202533901419,0.002628258968832648,-2.6855297980284454
2.99,6.266420852177657,6.698642068963245e-05,59756.25017009828,580.1443342776569,0.00010486636685434693,-0.020092987961086918,-1.1961946371916277,0.0006571367879481915,-2.712651860416966
