"type","field","dotnet_type","serialized","status","n_seen","n_null","n_sentinel","n_distinct","min","max","mean","ref_type","shape_min","shape_max"
"Class_rapport_hydrodynamique","affichage_actualisé","Boolean","0","nonserialized","11","0","0","1","0","0","0","","",""
"Class_rapport_hydrodynamique","angle_drift_deg","Single","1","populated","11","0","0","11","0","90","32","","",""
"Class_rapport_hydrodynamique","list_elements_hydro","ArrayList","1","reference","11","0","0","0","","","","ArrayList","3","5"
"Class_rapport_hydrodynamique","list_incidences_deg","ArrayList","1","reference","11","0","0","0","","","","ArrayList","3","5"
"Class_rapport_hydrodynamique","list_index_point_ligne_attaque_1_index_axe_roulis","ArrayList","1","reference","11","0","0","0","","","","ArrayList","3","5"
"Class_rapport_hydrodynamique","list_index_point_ligne_attaque_2_index_axe_roulis","ArrayList","1","reference","11","0","0","0","","","","ArrayList","3","5"
"Class_rapport_hydrodynamique","list_posx","ArrayList","1","reference","11","0","0","0","","","","ArrayList","3","5"
"Class_rapport_hydrodynamique","list_posy","ArrayList","1","reference","11","0","0","0","","","","ArrayList","3","5"
"Class_surfboard","_angle_drift_deg","Int32","1","constant","1","0","0","1","90","90","90","","",""
"Class_surfboard","_angle_drift_deg_hydrostatic_deviation","Single","0","nonserialized","1","0","0","1","0","0","0","","",""
"Class_surfboard","_angle_drift_deg_planing_deviation","Single","0","nonserialized","1","0","0","1","0","0","0","","",""
"Class_surfboard","_angle_drift_deg_single","Single","0","nonserialized","1","0","0","1","0","0","0","","",""
"Class_surfboard","_angle_drift_rad","Single","1","constant","1","0","0","1","1.57079637050629","1.57079637050629","1.57079637050629","","",""
"Class_surfboard","_angle_flux_relatif_deg_dynamique_parametre","Single","0","nonserialized","1","0","0","1","0","0","0","","",""
"Class_surfboard","_angle_incidence_plan_horizontal_repere_planche_deg","Single","1","constant_zero","1","0","0","1","0","0","0","","",""
"Class_surfboard","_angle_incidence_plan_horizontal_repere_planche_rad","Single","1","constant_zero","1","0","0","1","0","0","0","","",""
"Class_surfboard","_angle_ligne_contact_deg","Int32","0","nonserialized","1","0","0","1","0","0","0","","",""
"Class_surfboard","_angle_ligne_contact_rad","Single","0","nonserialized","1","0","0","1","0","0","0","","",""
"Class_surfboard","_centre_appui","point_graphique","1","reference","1","0","0","0","","","","point_graphique","",""
"Class_surfboard","_centre_appui_Z","Single","0","nonserialized","1","0","0","1","0","0","0","","",""
"Class_surfboard","_cumul_rotation_yaw_deg","Single","0","nonserialized","1","0","0","1","0","0","0","","",""
"Class_surfboard","_direction_horizontale_trajectoire_rad","Single","0","nonserialized","1","0","0","1","0","0","0","","",""
"Class_surfboard","_Facteur_hydrostatique","Single","0","nonserialized","1","0","0","1","0","0","0","","",""
"Class_surfboard","_fins_global_drag_n","Single","0","nonserialized","1","0","0","1","0","0","0","","",""
"Class_surfboard","_fins_global_efficiency_n","Single","0","nonserialized","1","0","0","1","0","0","0","","",""
"Class_surfboard","_fins_global_lift_n","Single","0","nonserialized","1","0","0","1","0","0","0","","",""
"Class_surfboard","_fins_global_moment_pitch_nm","Single","0","nonserialized","1","0","0","1","0","0","0","","",""
"Class_surfboard","_fins_global_moment_roll_nm","Single","0","nonserialized","1","0","0","1","0","0","0","","",""
"Class_surfboard","_fins_global_moment_yaw_nm","Single","0","nonserialized","1","0","0","1","0","0","0","","",""
"Class_surfboard","_fins_global_vertical_force_n","Single","0","nonserialized","1","0","0","1","0","0","0","","",""
"Class_surfboard","_foiling_state","Boolean","0","nonserialized","1","0","0","1","0","0","0","","",""
"Class_surfboard","_Froude_number","Single","0","nonserialized","1","0","0","1","0","0","0","","",""
"Class_surfboard","_horizontal_relative_flow_fins_force_n","Single","0","nonserialized","1","0","0","1","0","0","0","","",""
"Class_surfboard","_immersion_m","Single","0","nonserialized","1","0","0","1","0","0","0","","",""
"Class_surfboard","_infos","String","1","null","1","1","0","0","","","","","",""
"Class_surfboard","_moment_inertie_yaw","Single","0","nonserialized","1","0","0","1","0","0","0","","",""
"Class_surfboard","_moment_inertie_yaw_surfer_et_planche","Single","0","nonserialized","1","0","0","1","0","0","0","","",""
"Class_surfboard","_moment_pitch_nm","Single","0","nonserialized","1","0","0","1","0","0","0","","",""
"Class_surfboard","_moment_roll_nm","Single","0","nonserialized","1","0","0","1","0","0","0","","",""
"Class_surfboard","_nom","String","1","reference","1","0","0","0","","","","String","18","18"
"Class_surfboard","_quantité_mouvement_lineaire_kgms","Single","0","nonserialized","1","0","0","1","0","0","0","","",""
"Class_surfboard","_Ra_micron","Single","1","constant_zero","1","0","0","1","0","0","0","","",""
"Class_surfboard","_shape_moment_yaw_lacet_nm","Single","0","nonserialized","1","0","0","1","0","0","0","","",""
"Class_surfboard","_Total_Horizontal_thrust_force_n","Single","0","nonserialized","1","0","0","1","0","0","0","","",""
"Class_surfboard","_total_shape_and_fin_moment_yaw_n","Single","0","nonserialized","1","0","0","1","0","0","0","","",""
"Class_surfboard","_vecteur_acceleration_geographique","Vector3","0","nonserialized","1","0","0","0","","","","Vector3","",""
"Class_surfboard","_Vecteur_normal_surface","Vector3","0","nonserialized","1","0","0","0","","","","Vector3","",""
"Class_surfboard","_Vecteur_vitesse_flux_relatif_ms","Vector3","0","nonserialized","1","0","0","0","","","","Vector3","",""
"Class_surfboard","_Vecteur_vitesse_geographique_m","Vector3","0","nonserialized","1","0","0","0","","","","Vector3","",""
"Class_surfboard","_Vecteur_vitesse_SurfSpace_locale_ms","Vector3","0","nonserialized","1","0","0","0","","","","Vector3","",""
"Class_surfboard","_vertical_force_n","Single","0","nonserialized","1","0","0","1","0","0","0","","",""
"Class_surfboard","_vitesse_flux_relatif_ms","Single","1","constant","1","0","0","1","20","20","20","","",""
"Class_surfboard","_vitesse_flux_relatif_ms_dynamique_parametre","Single","0","nonserialized","1","0","0","1","0","0","0","","",""
"Class_surfboard","_Vitesse_geographique_ms_3d","Single","0","nonserialized","1","0","0","1","0","0","0","","",""
"Class_surfboard","_vitesse_rotation_yaw_rad_s","Single","0","nonserialized","1","0","0","1","0","0","0","","",""
"Class_surfboard","actualisation_axe_roulis_en_cours","Boolean","0","nonserialized","1","0","0","1","0","0","0","","",""
"Class_surfboard","actualisation_elements_internes_en_cours","Boolean","0","nonserialized","1","0","0","1","0","0","0","","",""
"Class_surfboard","actualisation_list_incidences_en_cour","Boolean","0","nonserialized","1","0","0","1","0","0","0","","",""
"Class_surfboard","ailerons","Class_fyns[]","1","reference","1","0","0","0","","","","Class_fyns[]","3","3"
"Class_surfboard","board_average_density_kgm3","Single","0","nonserialized","1","0","0","1","0","0","0","","",""
"Class_surfboard","board_bump","Single","1","constant_zero","1","0","0","1","0","0","0","","",""
"Class_surfboard","board_polish","Single","1","constant","1","0","0","1","6","6","6","","",""
"Class_surfboard","centre_appui_recupéré","Boolean","0","nonserialized","1","0","0","1","0","0","0","","",""
"Class_surfboard","centre_carene_m","Vector3","1","reference","1","0","0","0","","","","Vector3","",""
"Class_surfboard","centroide_normal_surface_tronquée_mouillée","point_graphique","0","nonserialized","1","1","0","0","","","","","",""
"Class_surfboard","chanfrein_nose","Single","1","constant","1","0","0","1","0.0500000007450581","0.0500000007450581","0.0500000007450581","","",""
"Class_surfboard","chanfrein_tail","Single","1","constant_zero","1","0","0","1","0","0","0","","",""
"Class_surfboard","chercher_equilibre_en_cours","Boolean","0","nonserialized","1","0","0","1","0","0","0","","",""
"Class_surfboard","codlok","String","1","reference","1","0","0","0","","","","String","0","0"
"Class_surfboard","couleur","Color","1","reference","1","0","0","0","","","","Color","",""
"Class_surfboard","couple_rockers","Class_couple_rockers","1","reference","1","0","0","0","","","","Class_couple_rockers","",""
"Class_surfboard","creator_id","String","1","reference","1","0","0","0","","","","String","2","2"
"Class_surfboard","custom_tail","Class_custom_tail","1","reference","1","0","0","0","","","","Class_custom_tail","",""
"Class_surfboard","delta_cycle_surfspace_seconde_ecoulé_depuis_dernier_gestion_drift","Single","0","nonserialized","1","0","0","1","0","0","0","","",""
"Class_surfboard","delta_cycle_surfspace_seconde_ecoulé_depuis_dernier_step_dynamic","Single","0","nonserialized","1","0","0","1","0","0","0","","",""
"Class_surfboard","descendre_1m","Boolean","0","nonserialized","1","0","0","1","0","0","0","","",""
"Class_surfboard","description","String","1","reference","1","0","0","0","","","","String","366","366"
"Class_surfboard","direction_rad_flux_current_horizontal","Single","0","nonserialized","1","0","0","1","0","0","0","","",""
"Class_surfboard","direction_rad_flux_relatif_horizontal","Single","0","nonserialized","1","0","0","1","0","0","0","","",""
"Class_surfboard","distance_entre_éléments_mm","Single","1","constant","1","0","0","1","180","180","180","","",""
"Class_surfboard","Dvx","Single","0","nonserialized","1","0","0","1","0","0","0","","",""
"Class_surfboard","Dvy","Single","0","nonserialized","1","0","0","1","0","0","0","","",""
"Class_surfboard","ebauche_0_ep_max","Single","0","nonserialized","1","0","0","1","0","0","0","","",""
"Class_surfboard","ebauche_0_ep_max_nose","Single","0","nonserialized","1","0","0","1","0","0","0","","",""
"Class_surfboard","ebauche_0_ep_max_tail","Single","0","nonserialized","1","0","0","1","0","0","0","","",""
"Class_surfboard","ebauche_0_rocker_nose","Single","0","nonserialized","1","0","0","1","0","0","0","","",""
"Class_surfboard","ebauche_0_rocker_tail","Single","0","nonserialized","1","0","0","1","0","0","0","","",""
"Class_surfboard","ebauche_1","Class_ebauche","1","null","1","1","0","0","","","","","",""
"Class_surfboard","ebauches_extraites","Boolean","0","nonserialized","1","0","0","1","0","0","0","","",""
"Class_surfboard","element_hydro_global_point_actuel","element_hydrodynamique","0","nonserialized","1","1","0","0","","","","","",""
"Class_surfboard","elever_1m","Boolean","0","nonserialized","1","0","0","1","0","0","0","","",""
"Class_surfboard","epaisseur_ames_bois_mm","Single","1","constant_zero","1","0","0","1","0","0","0","","",""
"Class_surfboard","epaisseur_plaquage_bois_mm","Single","1","constant_zero","1","0","0","1","0","0","0","","",""
"Class_surfboard","epaisseur_relative_au_wide_point","Single","1","constant","1","0","0","1","0.0265570562332869","0.0265570562332869","0.0265570562332869","","",""
"Class_surfboard","epaisseur_sections_bois_mm","Single","1","constant_zero","1","0","0","1","0","0","0","","",""
"Class_surfboard","equation_ligne_roulis","ClassTable_graphique","0","nonserialized","1","1","0","0","","","","","",""
"Class_surfboard","equation_ligne_tangage","ClassTable_graphique","0","nonserialized","1","1","0","0","","","","","",""
"Class_surfboard","equilibrage_moment_en_cours","Boolean","0","nonserialized","1","0","0","1","0","0","0","","",""
"Class_surfboard","etat_contact","Single","1","constant","1","0","0","1","-7","-7","-7","","",""
"Class_surfboard","extrapolation_selection_en_cour","Boolean","0","nonserialized","1","0","0","1","0","0","0","","",""
"Class_surfboard","extrusions","Class_extrusion[]","1","null","1","1","0","0","","","","","",""
"Class_surfboard","Fhx","Single","0","nonserialized","1","0","0","1","0","0","0","","",""
"Class_surfboard","Fhy","Single","0","nonserialized","1","0","0","1","0","0","0","","",""
"Class_surfboard","fiber_gr_m2_bottom","Single","1","constant","1","0","0","1","205","205","205","","",""
"Class_surfboard","fiber_gr_m2_top","Single","1","constant","1","0","0","1","330","330","330","","",""
"Class_surfboard","fiber_mass_kg","Single","1","constant","1","0","0","1","0.446506321430206","0.446506321430206","0.446506321430206","","",""
"Class_surfboard","fichier_texture","String","1","reference","1","0","0","0","","","","String","84","84"
"Class_surfboard","foam_density_kgm3","Single","1","constant","1","0","0","1","26","26","26","","",""
"Class_surfboard","foam_mass_kg","Single","1","constant","1","0","0","1","0.624244689941406","0.624244689941406","0.624244689941406","","",""
"Class_surfboard","foil","ClassFoil","1","null","1","1","0","0","","","","","",""
"Class_surfboard","hauteur_flottaison_mm","Single","1","constant_zero","1","0","0","1","0","0","0","","",""
"Class_surfboard","hydro_scan_en_cours","Boolean","0","nonserialized","1","0","0","1","0","0","0","","",""
"Class_surfboard","image_composée","Image","0","nonserialized","1","1","0","0","","","","","",""
"Class_surfboard","index_bevels_rail_bas_ebauche0","Int32","0","nonserialized","1","0","0","1","0","0","0","","",""
"Class_surfboard","index_bevels_rail_bas_ebauche1","Int32","0","nonserialized","1","0","0","1","0","0","0","","",""
"Class_surfboard","index_bevels_rail_bas_ebauche2","Int32","0","nonserialized","1","0","0","1","0","0","0","","",""
"Class_surfboard","index_bevels_rail_bas_ebauche3","Int32","0","nonserialized","1","0","0","1","0","0","0","","",""
"Class_surfboard","index_Hr_dans_tab_11coupes","Int32[]","0","nonserialized","1","1","0","0","","","","","",""
"Class_surfboard","index_nose_pie_x_0","Int32","0","nonserialized","1","0","0","1","0","0","0","","",""
"Class_surfboard","index_point_1_ligne_attaque","Int32","1","constant","1","0","0","1","81","81","81","","",""
"Class_surfboard","index_point_1foot_nose","Int32","1","constant","1","0","0","1","167","167","167","","",""
"Class_surfboard","index_point_1foot_tail","Int32","1","constant","1","0","0","1","34","34","34","","",""
"Class_surfboard","index_point_2_ligne_attaque","Int32","1","constant","1","0","0","1","333","333","333","","",""
"Class_surfboard","index_point_coupe_roulis_amont","Int32","1","constant","1","0","0","1","117","117","117","","",""
"Class_surfboard","index_point_coupe_roulis_aval","Int32","1","constant","1","0","0","1","285","285","285","","",""
"Class_surfboard","index_points_coupe_dessus_normal_custom","Int32[]","1","reference","1","0","0","0","","","","Int32[]","11","11"
"Class_surfboard","index_pxmax","Int32","1","constant","1","0","0","1","94","94","94","","",""
"Class_surfboard","index_pxmin","Int32","1","constant","1","0","0","1","307","307","307","","",""
"Class_surfboard","index_pymax","Int32","1","constant","1","0","0","1","400","400","400","","",""
"Class_surfboard","index_pymin","Int32","1","constant","1","0","0","1","200","200","200","","",""
"Class_surfboard","index_tail_pie_x_0","Int32","0","nonserialized","1","0","0","1","0","0","0","","",""
"Class_surfboard","index_wide_point_custom","Int32","0","nonserialized","1","0","0","1","0","0","0","","",""
"Class_surfboard","last_cycle_et_fraction_vague","Single","0","nonserialized","1","0","0","1","0","0","0","","",""
"Class_surfboard","last_time_s_actualisation_force","Single","0","nonserialized","1","0","0","1","0","0","0","","",""
"Class_surfboard","last_valid_centre_appui_x","Single","0","nonserialized","1","0","0","1","0","0","0","","",""
"Class_surfboard","last_valid_centre_appui_y","Single","0","nonserialized","1","0","0","1","0","0","0","","",""
"Class_surfboard","lissage_effectué","Boolean","1","constant","1","0","0","1","1","1","1","","",""
"Class_surfboard","List_angles_drift_deg_rapports_hydro","List`1","0","nonserialized","1","1","0","0","","","","","",""
"Class_surfboard","list_configurations","List`1","1","null","1","1","0","0","","","","","",""
"Class_surfboard","liste_rapports_hydrodynamique_90_angles_drift","List`1","0","nonserialized","1","1","0","0","","","","","",""
"Class_surfboard","lock","Boolean","1","constant_zero","1","0","0","1","0","0","0","","",""
"Class_surfboard","memo_chemin_ouverture","String","0","nonserialized","1","1","0","0","","","","","",""
"Class_surfboard","memo_total_shape_and_fin_moment_yaw_nm","Single","0","nonserialized","1","0","0","1","0","0","0","","",""
"Class_surfboard","memo_vecteur_vitesse","Vector3","0","nonserialized","1","0","0","0","","","","Vector3","",""
"Class_surfboard","miniature","Image","1","reference","1","0","0","0","","","","Bitmap","",""
"Class_surfboard","modele_ClassBoardImage_dessous","ClassBoardImage","1","reference","1","0","0","0","","","","ClassBoardImage","",""
"Class_surfboard","modele_ClassBoardImage_dessus","ClassBoardImage","1","reference","1","0","0","0","","","","ClassBoardImage","",""
"Class_surfboard","modele_image_dessous","Image","1","null","1","1","0","0","","","","","",""
"Class_surfboard","modele_image_dessus","Image","1","null","1","1","0","0","","","","","",""
"Class_surfboard","nb_bevels_ebauche0","Int32","0","nonserialized","1","0","0","1","0","0","0","","",""
"Class_surfboard","nb_bevels_ebauche1","Int32","0","nonserialized","1","0","0","1","0","0","0","","",""
"Class_surfboard","nb_bevels_ebauche2","Int32","0","nonserialized","1","0","0","1","0","0","0","","",""
"Class_surfboard","nb_bevels_ebauche3","Int32","0","nonserialized","1","0","0","1","0","0","0","","",""
"Class_surfboard","object_id","Int32","1","constant_zero","1","0","0","1","0","0","0","","",""
"Class_surfboard","outline_planche","Class_outline","1","reference","1","0","0","0","","","","Class_outline","",""
"Class_surfboard","pente_flux_relatif_calculee_rad","Single","0","nonserialized","1","0","0","1","0","0","0","","",""
"Class_surfboard","pente_flux_relatif_rad","Single","0","nonserialized","1","0","0","1","0","0","0","","",""
"Class_surfboard","pente_flux_surface_rad","Single","0","nonserialized","1","0","0","1","0","0","0","","",""
"Class_surfboard","pente_surface_contact_direction_x_rad","Single","0","nonserialized","1","0","0","1","0","0","0","","",""
"Class_surfboard","pente_trajectoire_calculee_rad","Single","0","nonserialized","1","0","0","1","0","0","0","","",""
"Class_surfboard","pente_trajectoire_rad","Single","0","nonserialized","1","0","0","1","0","0","0","","",""
"Class_surfboard","point_intersect_ligne_attack_ligne_roulis_normal","Vector3","0","nonserialized","1","0","0","0","","","","Vector3","",""
"Class_surfboard","pos_normal_control_z_mini","Vector3","0","nonserialized","1","0","0","0","","","","Vector3","",""
"Class_surfboard","pos_x_centre_nose_pie","Single","0","nonserialized","1","0","0","1","0","0","0","","",""
"Class_surfboard","pos_x_centre_tail_pie","Single","0","nonserialized","1","0","0","1","0","0","0","","",""
"Class_surfboard","pos_x_max_tail_pie","Single","0","nonserialized","1","0","0","1","0","0","0","","",""
"Class_surfboard","pos_x_min_nose_pie","Single","0","nonserialized","1","0","0","1","0","0","0","","",""
"Class_surfboard","pos_y_at_x_min_nose_pie","Single","0","nonserialized","1","0","0","1","0","0","0","","",""
"Class_surfboard","pos_y_at_x_tail_max_pie","Single","0","nonserialized","1","0","0","1","0","0","0","","",""
"Class_surfboard","pos_y_pointe_nose_pie","Single","0","nonserialized","1","0","0","1","0","0","0","","",""
"Class_surfboard","pos_y_pointe_tail_pie","Single","0","nonserialized","1","0","0","1","0","0","0","","",""
"Class_surfboard","position_rail_wood_kit","Int32","1","constant_zero","1","0","0","1","0","0","0","","",""
"Class_surfboard","pression_statique","Single","1","constant","1","0","0","1","100000","100000","100000","","",""
"Class_surfboard","pt_A","Vector3","0","nonserialized","1","0","0","0","","","","Vector3","",""
"Class_surfboard","pt_B","Vector3","0","nonserialized","1","0","0","0","","","","Vector3","",""
"Class_surfboard","pt_C","Vector3","0","nonserialized","1","0","0","0","","","","Vector3","",""
"Class_surfboard","pt_vertex","Vector3","0","nonserialized","1","0","0","0","","","","Vector3","",""
"Class_surfboard","rayon_planning_m","Single","1","constant","1","0","0","1","100000","100000","100000","","",""
"Class_surfboard","refForm_shaper","Form_shaper","0","nonserialized","1","1","0","0","","","","","",""
"Class_surfboard","saved","Boolean","0","nonserialized","1","0","0","1","0","0","0","","",""
"Class_surfboard","shaper_name","String","1","reference","1","0","0","0","","","","String","3","3"
"Class_surfboard","spoon_camber","Single","1","constant_zero","1","0","0","1","0","0","0","","",""
"Class_surfboard","spoon_width","Single","1","constant_zero","1","0","0","1","0","0","0","","",""
"Class_surfboard","spoonx","Single","1","constant_zero","1","0","0","1","0","0","0","","",""
"Class_surfboard","start_trajectoire_aerial","Boolean","0","nonserialized","1","0","0","1","0","0","0","","",""
"Class_surfboard","stoper_recherche","Boolean","0","nonserialized","1","0","0","1","0","0","0","","",""
"Class_surfboard","structure_mass_kg","Single","1","constant_zero","1","0","0","1","0","0","0","","",""
"Class_surfboard","tab_elements_planche","Class_element_planche[]","1","reference","1","0","0","0","","","","Class_element_planche[]","10","10"
"Class_surfboard","table_pentes_trajectoire","Single[]","0","nonserialized","1","1","0","0","","","","","",""
"Class_surfboard","table_points_demi_planche_ebauche_0_dessous_2d_hr_pei","List`1[]","0","nonserialized","1","1","0","0","","","","","",""
"Class_surfboard","table_points_demi_planche_ebauche_0_dessus_2d_hr_pei","List`1[]","0","nonserialized","1","1","0","0","","","","","",""
"Class_surfboard","table_points_demi_planche_ebauche_1_dessous_2d_hr_pei","List`1[]","0","nonserialized","1","1","0","0","","","","","",""
"Class_surfboard","table_points_demi_planche_ebauche_1_dessus_2d_hr_pei","List`1[]","0","nonserialized","1","1","0","0","","","","","",""
"Class_surfboard","table_points_demi_planche_ebauche_2_dessous_2d_hr_pei","List`1[]","0","nonserialized","1","1","0","0","","","","","",""
"Class_surfboard","table_points_demi_planche_ebauche_2_dessus_2d_hr_pei","List`1[]","0","nonserialized","1","1","0","0","","","","","",""
"Class_surfboard","table_points_demi_planche_ebauche_3_dessous_2d_hr_pei","List`1[]","0","nonserialized","1","1","0","0","","","","","",""
"Class_surfboard","table_points_demi_planche_ebauche_3_dessus_2d_hr_pei","List`1[]","0","nonserialized","1","1","0","0","","","","","",""
"Class_surfboard","table_vz_effectif","Single[]","0","nonserialized","1","1","0","0","","","","","",""
"Class_surfboard","tableau_de_coupes_2d_ebauche0_hr_pei","List`1[]","0","nonserialized","1","1","0","0","","","","","",""
"Class_surfboard","tableau_de_coupes_2d_ebauche1_hr_pei","List`1[]","0","nonserialized","1","1","0","0","","","","","",""
"Class_surfboard","tableau_de_coupes_2d_ebauche2_hr_pei","List`1[]","0","nonserialized","1","1","0","0","","","","","",""
"Class_surfboard","tableau_de_coupes_2d_ebauche3_hr_pei","List`1[]","0","nonserialized","1","1","0","0","","","","","",""
"Class_surfboard","tableau_de_coupes_2d_hr_pei","List`1[]","0","nonserialized","1","1","0","0","","","","","",""
"Class_surfboard","tableau_de_list_bevels_profil_blank_hr_complet_normal_hr_pei","List`1[]","0","nonserialized","1","1","0","0","","","","","",""
"Class_surfboard","tableau_de_list_bevels_profil_ebauche0_hr_complet_normal_hr_pei","List`1[]","0","nonserialized","1","1","0","0","","","","","",""
"Class_surfboard","tableau_de_list_bevels_profil_ebauche1_hr_complet_normal_hr_pei","List`1[]","0","nonserialized","1","1","0","0","","","","","",""
"Class_surfboard","tableau_de_list_bevels_profil_ebauche2_hr_complet_normal_hr_pei","List`1[]","0","nonserialized","1","1","0","0","","","","","",""
"Class_surfboard","tableau_de_list_bevels_profil_ebauche3_hr_complet_normal_hr_pei","List`1[]","0","nonserialized","1","1","0","0","","","","","",""
"Class_surfboard","tableau_de_tableau_points_graphique_bevels_normal_cote_hr","ArrayList[]","0","nonserialized","1","1","0","0","","","","","",""
"Class_surfboard","tableau_de_tableau_points_graphique_bevels_normal_face_hr","ArrayList[]","0","nonserialized","1","1","0","0","","","","","",""
"Class_surfboard","tableau_de_tableau_points_graphique_bevels_normal_horizontal_hr","ArrayList[]","0","nonserialized","1","1","0","0","","","","","",""
"Class_surfboard","tableau_de_tableau_vector_3_bevels_normal_hr","List`1[]","0","nonserialized","1","1","0","0","","","","","",""
"Class_surfboard","tableau_de_tableau_vector_3_bevels_normal_hr_no_rocker","List`1[]","0","nonserialized","1","1","0","0","","","","","",""
"Class_surfboard","tableau_de_tableau_vector_3_bevels_nose_complet_normal_hr","List`1[]","0","nonserialized","1","1","0","0","","","","","",""
"Class_surfboard","tableau_de_tableau_vector_3_bevels_profil_complet_normal_hr","List`1[]","0","nonserialized","1","1","0","0","","","","","",""
"Class_surfboard","tableau_de_tableau_vector_3_bevels_profil_complet_normal_hr_flotaison","List`1[]","0","nonserialized","1","1","0","0","","","","","",""
"Class_surfboard","tableau_de_tableau_vector_3_bevels_profil_complet_normal_hr_no_rocker","List`1[]","0","nonserialized","1","1","0","0","","","","","",""
"Class_surfboard","tableau_de_tableau_vector_3_bevels_tail_complet_normal_hr","List`1[]","0","nonserialized","1","1","0","0","","","","","",""
"Class_surfboard","tableau_points_graphique_dessous_normal_custom","ArrayList","1","reference","1","0","0","0","","","","ArrayList","201","201"
"Class_surfboard","tableau_points_graphique_dessus_normal_custom","ArrayList","1","reference","1","0","0","0","","","","ArrayList","201","201"
"Class_surfboard","tableau_points_graphique_outline_dessous_normal_orientation_flux","ArrayList","0","nonserialized","1","1","0","0","","","","","",""
"Class_surfboard","tableau_points_graphique_outline_polygone_normal_orientation_flux","ArrayList","0","nonserialized","1","1","0","0","","","","","",""
"Class_surfboard","tableau_points_graphique_polygone_normal_custom","ArrayList","1","reference","1","0","0","0","","","","ArrayList","402","402"
"Class_surfboard","tail_in","Int32","1","constant_zero","1","0","0","1","0","0","0","","",""
"Class_surfboard","tail_out","Int32","1","constant_zero","1","0","0","1","0","0","0","","",""
"Class_surfboard","temp_rapport_angle_inferieur","Class_rapport_hydrodynamique","0","nonserialized","1","1","0","0","","","","","",""
"Class_surfboard","temp_rapport_angle_superieur","Class_rapport_hydrodynamique","0","nonserialized","1","1","0","0","","","","","",""
"Class_surfboard","Test_position_equilibre_en_cours","Boolean","0","nonserialized","1","0","0","1","0","0","0","","",""
"Class_surfboard","total_mass_kg","Single","1","constant","1","0","0","1","1.7405104637146","1.7405104637146","1.7405104637146","","",""
"Class_surfboard","total_mass_resine_kg","Single","1","constant","1","0","0","1","0.669759511947632","0.669759511947632","0.669759511947632","","",""
"Class_surfboard","trajectoire_aerial","Boolean","0","nonserialized","1","0","0","1","0","0","0","","",""
"Class_surfboard","trajectoire_submarin","Boolean","0","nonserialized","1","0","0","1","0","0","0","","",""
"Class_surfboard","volume_flotaison_litres","Single","1","constant_zero","1","0","0","1","0","0","0","","",""
"Class_surfboard","volume_shape_litres","Single","1","constant","1","0","0","1","24.0094108581543","24.0094108581543","24.0094108581543","","",""
"Class_surfboard","Vz_chute_ms","Single","0","nonserialized","1","0","0","1","0","0","0","","",""
"Class_surfboard","x_max","Single","1","constant","1","0","0","1","0.13499253988266","0.13499253988266","0.13499253988266","","",""
"Class_surfboard","x_min","Single","1","constant","1","0","0","1","-0.134992569684982","-0.134992569684982","-0.134992569684982","","",""
"Class_surfboard","y_max","Single","1","constant","1","0","0","1","1.21618562443082E-10","1.21618562443082E-10","1.21618562443082E-10","","",""
"Class_surfboard","y_min","Single","1","constant","1","0","0","1","-1","-1","-1","","",""
"element_hydrodynamique","_angle_initial_deg","Single","0","nonserialized","467","0","0","1","0","0","0","","",""
"element_hydrodynamique","_angle_planing_effectif_deg","Single","0","nonserialized","467","0","0","1","0","0","0","","",""
"element_hydrodynamique","_boundary_layer_mm","Single","1","constant_zero","467","0","0","1","0","0","0","","",""
"element_hydrodynamique","_Cl0_Savitsky","Single","1","constant_zero","467","0","0","1","0","0","0","","",""
"element_hydrodynamique","_Cl0_theorique","Single","1","constant_zero","467","0","0","1","0","0","0","","",""
"element_hydrodynamique","_Cv_Savitsky","Single","1","constant_zero","467","0","0","1","0","0","0","","",""
"element_hydrodynamique","_Cz_effectif","Single","0","nonserialized","467","0","0","1","0","0","0","","",""
"element_hydrodynamique","_debitm3_sec_veine","Single","0","nonserialized","467","0","0","1","0","0","0","","",""
"element_hydrodynamique","_delta_plan_horizontal_deg","Single","1","populated","467","0","0","449","-29.7639808654785","2.59265279769897","-0.0948630671238236","","",""
"element_hydrodynamique","_deviation_rail_deg","Single","1","constant_zero","467","0","0","1","0","0","0","","",""
"element_hydrodynamique","_distance_axe_roulis_m","Single","0","nonserialized","467","0","0","1","0","0","0","","",""
"element_hydrodynamique","_distance_axe_yaw_m_resultante_hydrostatic","Single","0","nonserialized","467","0","0","1","0","0","0","","",""
"element_hydrodynamique","_Fx_deplacement_hydrostatique_n","Single","0","nonserialized","467","0","0","1","0","0","0","","",""
"element_hydrodynamique","_Fx_deplacement_n_actif","Single","0","nonserialized","467","0","0","1","0","0","0","","",""
"element_hydrodynamique","_Fx_friction_n","Single","1","populated","467","0","0","466","0.400861412286758","343.718841552734","94.226365404032","","",""
"element_hydrodynamique","_Fx_planing","Single","1","populated","467","0","0","467","4.23196983337402","6144.74755859375","87.8186184926002","","",""
"element_hydrodynamique","_Fx_rail_n","Single","1","populated","467","0","0","221","0","1043.14294433594","163.747706042623","","",""
"element_hydrodynamique","_Fx_rocker","Single","1","constant_zero","467","0","0","1","0","0","0","","",""
"element_hydrodynamique","_Fz_planing_n","Single","1","populated","467","0","0","467","28.3333683013916","10489.7392578125","505.042578576719","","",""
"element_hydrodynamique","_lamda_Savitsky","Single","1","constant_zero","467","0","0","1","0","0","0","","",""
"element_hydrodynamique","_laminar_boundary_layer_mm","Single","1","constant_zero","467","0","0","1","0","0","0","","",""
"element_hydrodynamique","_laminar_turbulent_transition_mm","Single","1","constant_zero","467","0","0","1","0","0","0","","",""
"element_hydrodynamique","_largeur_B_element_mm","Single","1","populated","467","0","4","463","0.721680700778961","9018.978515625","455.772367951293","","",""
"element_hydrodynamique","_list_angles_veine_deg","List`1","0","nonserialized","467","467","0","0","","","","","",""
"element_hydrodynamique","_list_direction_ligne_fond_deg","List`1","0","nonserialized","467","467","0","0","","","","","",""
"element_hydrodynamique","_list_epaisseurs_veine_m","List`1","0","nonserialized","467","467","0","0","","","","","",""
"element_hydrodynamique","_list_pressions_ligne_fond_pasc","List`1","0","nonserialized","467","467","0","0","","","","","",""
"element_hydrodynamique","_list_rapport_elargissement_local","List`1","0","nonserialized","467","467","0","0","","","","","",""
"element_hydrodynamique","_list_rapport_elargissement_max","List`1","0","nonserialized","467","467","0","0","","","","","",""
"element_hydrodynamique","_list_sections_ligne_fond_m2","List`1","0","nonserialized","467","467","0","0","","","","","",""
"element_hydrodynamique","_list_vitesse_moyenne_veine_ms","List`1","0","nonserialized","467","467","0","0","","","","","",""
"element_hydrodynamique","_longueur_calcul_largeur_element_mm","Single","1","populated","467","0","0","458","0","1631.53662109375","488.665030483005","","",""
"element_hydrodynamique","_longueur_element_mm","Single","1","constant_zero","467","0","0","1","0","0","0","","",""
"element_hydrodynamique","_longueur_mouillée_element_mm","Single","1","populated","467","0","0","458","0","1631.53662109375","488.665030483005","","",""
"element_hydrodynamique","_masse_flux_dévié_kg_sec_planing","Single","1","populated","467","0","0","467","14.5455570220947","1048.97387695313","216.155574051165","","",""
"element_hydrodynamique","_moment_yaw_hydrodynamic_nm","Single","0","nonserialized","467","0","0","1","0","0","0","","",""
"element_hydrodynamique","_moment_yaw_hydrostatic_nm","Single","0","nonserialized","467","0","0","1","0","0","0","","",""
"element_hydrodynamique","_moment_yaw_total_nm","Single","0","nonserialized","467","0","0","1","0","0","0","","",""
"element_hydrodynamique","_point_application_global_normal","Vector3","1","reference","467","0","0","0","","","","Vector3","",""
"element_hydrodynamique","_portance_globale_verticale_n","Single","1","populated","467","0","0","467","15.3886241912842","8806.3291015625","492.424686199082","","",""
"element_hydrodynamique","_pression_dynamique_B","Single","1","constant_zero","467","0","0","1","0","0","0","","",""
"element_hydrodynamique","_projection_deplacement_horizontal_n","Single","0","nonserialized","467","0","0","1","0","0","0","","",""
"element_hydrodynamique","_projection_friction_horizontal_n","Single","0","nonserialized","467","0","0","1","0","0","0","","",""
"element_hydrodynamique","_projection_friction_vertical_n","Single","0","nonserialized","467","0","0","1","0","0","0","","",""
"element_hydrodynamique","_projection_fx_horizontal_n","Single","0","nonserialized","467","0","0","1","0","0","0","","",""
"element_hydrodynamique","_projection_Fx_rail_horizontal_n","Single","0","nonserialized","467","0","0","1","0","0","0","","",""
"element_hydrodynamique","_projection_Fx_rail_vertical_n","Single","0","nonserialized","467","0","0","1","0","0","0","","",""
"element_hydrodynamique","_projection_fx_vertical_n","Single","0","nonserialized","467","0","0","1","0","0","0","","",""
"element_hydrodynamique","_projection_fz_horizontal_n","Single","0","nonserialized","467","0","0","1","0","0","0","","",""
"element_hydrodynamique","_projection_fz_vertical_n","Single","0","nonserialized","467","0","0","1","0","0","0","","",""
"element_hydrodynamique","_section_deplacement_m2","Single","0","nonserialized","467","0","0","1","0","0","0","","",""
"element_hydrodynamique","_section_frontale_flux_dévié_m2_planing","Single","1","populated","467","0","0","467","0.000710926484316587","0.0512694977223873","0.0105647885651184","","",""
"element_hydrodynamique","_surface_contact_m2","Single","1","populated","467","0","0","422","0.000201408460270613","0.65372896194458","0.152708166796037","","",""
"element_hydrodynamique","_surface_coupe_partie_immergee_m2","Single","1","constant_zero","467","0","0","1","0","0","0","","",""
"element_hydrodynamique","_surface_max_element_m2","Single","1","constant_zero","467","0","0","1","0","0","0","","",""
"element_hydrodynamique","_trainée_globale_horizontale_n","Single","1","populated","467","0","0","467","71.4438705444336","6179.27490234375","344.739661516929","","",""
"element_hydrodynamique","_Vecteur_flottaison_effective_n","Vector3","0","nonserialized","467","0","0","0","","","","Vector3","",""
"element_hydrodynamique","_volume_deplacement_litres","Single","1","constant_zero","467","0","0","1","0","0","0","","",""
"element_hydrodynamique","_volume_litres","Single","1","populated","467","0","0","466","0.00251533766277134","25.0412921905518","5.85826428684334","","",""
"element_hydrodynamique","array_vector2_normal_coupe_verticale_suivant_axe_roulis_repere_zero_arriere_axe_roulis","ArrayList","1","reference","467","0","0","0","","","","ArrayList","74","90"
"element_hydrodynamique","array_vector2_normal_ligne_fond_du_rail_vers_ligne_contact","ArrayList","1","reference","467","0","0","0","","","","ArrayList","0","43"
"element_hydrodynamique","array_vector3_normal_coupe_verticale_axe_roulis_repere_planche","ArrayList","1","reference","467","0","0","0","","","","ArrayList","74","90"
"element_hydrodynamique","centroide_normal_element","point_graphique","1","null","467","467","0","0","","","","","",""
"element_hydrodynamique","centroide_normal_surface_outline_contact_eau","point_graphique","1","reference","467","0","0","0","","","","point_graphique","",""
"element_hydrodynamique","DernierPoint_m","Vector3","1","reference","467","0","0","0","","","","Vector3","",""
"element_hydrodynamique","elements_internes","element_hydrodynamique[]","1","reference","467","0","0","0","","","","element_hydrodynamique[]","10","10"
"element_hydrodynamique","equation_plan_rotation_pitch","Double[]","1","reference","467","0","0","0","","","","Double[]","4","4"
"element_hydrodynamique","equation_plan_rotation_roll","Double[]","1","reference","467","0","0","0","","","","Double[]","4","4"
"element_hydrodynamique","equation_plan_rotation_yaw","Double[]","1","reference","467","0","0","0","","","","Double[]","4","4"
"element_hydrodynamique","inclinaison_roulis_rad_ligne_attack","Single","1","populated","467","0","0","467","-0.194582492113113","1.36191928386688","0.201840533322018","","",""
"element_hydrodynamique","inclinaison_roulis_rad_ligne_surface","Single","1","constant_zero","467","0","0","1","0","0","0","","",""
"element_hydrodynamique","index","Int32","0","nonserialized","467","0","0","1","0","0","0","","",""
"element_hydrodynamique","index_dernier_element_on_attack","Int32","1","populated","467","0","0","5","5","9","8.78586723768737","","",""
"element_hydrodynamique","index_L1_max","Int32","1","populated","467","0","0","190","35","301","177.683083511777","","",""
"element_hydrodynamique","index_L1_min","Int32","1","populated","467","0","0","79","0","91","19.0149892933619","","",""
"element_hydrodynamique","index_L2_max","Int32","1","populated","467","0","0","76","308","400","380.406852248394","","",""
"element_hydrodynamique","index_L2_min","Int32","1","populated","467","0","0","110","201","321","239.595289079229","","",""
"element_hydrodynamique","index_nose","Int32","1","populated","467","0","0","109","201","321","235.950749464668","","",""
"element_hydrodynamique","index_point_contact","Int32","1","constant","467","0","0","1","-1","-1","-1","","",""
"element_hydrodynamique","index_point_decrochage","Int32","1","constant_zero","467","0","0","1","0","0","0","","",""
"element_hydrodynamique","index_point_roulis_avant_dans_tab_index_axe_roulis","Int32","1","populated","467","0","0","197","36","304","181.963597430407","","",""
"element_hydrodynamique","index_premier_element_on_attack","Int32","1","populated","467","0","0","5","0","4","0.244111349036403","","",""
"element_hydrodynamique","index_tail","Int32","1","populated","467","0","0","109","0","120","34.9507494646681","","",""
"element_hydrodynamique","infos","String","1","reference","467","0","0","0","","","","String","35","35"
"element_hydrodynamique","infos_planing","infos_planing","0","nonserialized","467","0","0","1","0","0","0","","",""
"element_hydrodynamique","matrice_dynamique_planche","Matrix","0","nonserialized","467","0","0","0","","","","Matrix","",""
"element_hydrodynamique","nom","String","1","reference","467","0","0","0","","","","String","6","6"
"element_hydrodynamique","planche_ref","Class_surfboard","0","nonserialized","467","467","0","0","","","","","",""
"element_hydrodynamique","point_attack_on_outline","Boolean","1","constant_zero","467","0","0","1","0","0","0","","",""
"element_hydrodynamique","point_intersect_ligne_attack_ligne_roulis_normal","Vector3","1","reference","467","0","0","0","","","","Vector3","",""
"element_hydrodynamique","portance_projete_n_","Single","0","nonserialized","467","0","0","1","0","0","0","","",""
"element_hydrodynamique","PremierPoint_m","Vector3","1","reference","467","0","0","0","","","","Vector3","",""
"element_hydrodynamique","pression_pascals_surface_profil_base","Single[]","1","reference","467","0","0","0","","","","Single[]","0","0"
"element_hydrodynamique","tableau_points_graphique_polygone_outline_element_echelle_1_en_metres_index_axe_roulis","ArrayList","1","reference","467","0","0","0","","","","ArrayList","402","402"
"element_hydrodynamique","tableau_points_graphique_polygone_outline_element_normal_index_axe_roulis","ArrayList","1","reference","467","0","0","0","","","","ArrayList","402","402"
"element_hydrodynamique","tableau_points_graphique_polygone_surface_contact_eau_echelle_1_en_metres","ArrayList","1","reference","467","0","0","0","","","","ArrayList","22","365"
"element_hydrodynamique","tableau_points_graphique_polygone_surface_normal_contact_eau","ArrayList","1","reference","467","0","0","0","","","","ArrayList","22","365"
"element_hydrodynamique","Vecteur_flottaison_n_","Vector3","0","nonserialized","467","0","0","0","","","","Vector3","",""
"element_hydrodynamique","vecteur_mecanique_axe_pitch","vecteur_mecanique","1","reference","467","0","0","0","","","","vecteur_mecanique","",""
"element_hydrodynamique","vecteur_mecanique_axe_roll","vecteur_mecanique","1","reference","467","0","0","0","","","","vecteur_mecanique","",""
"element_hydrodynamique","vecteur_mecanique_axe_yaw","vecteur_mecanique","1","reference","467","0","0","0","","","","vecteur_mecanique","",""
